"STATION","NAME","LATITUDE","LONGITUDE","ELEVATION","DATE","EVAP","EVAP_ATTRIBUTES","PRCP","PRCP_ATTRIBUTES","SNOW","SNOW_ATTRIBUTES","SNWD","SNWD_ATTRIBUTES","TMAX","TMAX_ATTRIBUTES","TMIN","TMIN_ATTRIBUTES","TOBS","TOBS_ATTRIBUTES"
"USC00304174","ITHACA CORNELL UNIVERSITY, NY US","42.44915","-76.44905","292.6","2021-01-01",,,"0.00",",,7,0700","0.0",",,7,0700","0.0",",,7,0700","33",",,7","25",",,7","26",",,7,0700"
"USC00304174","ITHACA CORNELL UNIVERSITY, NY US","42.44915","-76.44905","292.6","2021-01-02",,,"0.47",",,7,0700","0.0",",,7,0700","0.0",",,7,0700","40",",,7","24",",,7","40",",,7,0700"
"USC00304174","ITHACA CORNELL UNIVERSITY, NY US","42.44915","-76.44905","292.6","2021-01-03",,,"0.00","T,,7,0700","0.0","T,,7,0700","0.0",",,7,0700","42",",,7","27",",,7","27",",,7,0700"
"USC00304174","ITHACA CORNELL UNIVERSITY, NY US","42.44915","-76.44905","292.6","2021-01-04",,,"0.14",",,7,0700","1.4",",,7,0700","1.0",",,7,0700","35",",,7","27",",,7","32",",,7,0700"
"USC00304174","ITHACA CORNELL UNIVERSITY, NY US","42.44915","-76.44905","292.6","2021-01-05",,,"0.00","T,,7,0700","0.0","T,,7,0700","1.0",",,7,0700","33",",,7","30",",,7","30",",,7,0700"
"USC00304174","ITHACA CORNELL UNIVERSITY, NY US","42.44915","-76.44905","292.6","2021-01-06",,,"0.00","T,,7,0700","0.0","T,,7,0700","1.0",",,7,0700","33",",,7","28",",,7","29",",,7,0700"
"USC00304174","ITHACA CORNELL UNIVERSITY, NY US","42.44915","-76.44905","292.6","2021-01-07",,,"0.00","T,,7,0700","0.0","T,,7,0700","1.0",",,7,0700","31",",,7","26",",,7","26",",,7,0700"
"USC00304174","ITHACA CORNELL UNIVERSITY, NY US","42.44915","-76.44905","292.6","2021-01-08",,,"0.00",",,7,0700","0.0",",,7,0700","0.0","T,,7,0700","28",",,7","23",",,7","23",",,7,0700"
"USC00304174","ITHACA CORNELL UNIVERSITY, NY US","42.44915","-76.44905","292.6","2021-01-09",,,"0.00",",,7,0700","0.0",",,7,0700","0.0","T,,7,0700","23",",,7","14",",,7","15",",,7,0700"
"USC00304174","ITHACA CORNELL UNIVERSITY, NY US","42.44915","-76.44905","292.6","2021-01-10",,,"0.00",",,7,0700","0.0",",,7,0700","0.0","T,,7,0700","32",",,7","15",",,7","23",",,7,0700"
"USC00304174","ITHACA CORNELL UNIVERSITY, NY US","42.44915","-76.44905","292.6","2021-01-11",,,"0.00",",,7,0700","0.0",",,7,0700","0.0","T,,7,0700","33",",,7","19",",,7","24",",,7,0700"
"USC00304174","ITHACA CORNELL UNIVERSITY, NY US","42.44915","-76.44905","292.6","2021-01-12",,,"0.00",",,7,0700","0.0",",,7,0700","0.0","T,,7,0700","36",",,7","24",",,7","30",",,7,0700"
"USC00304174","ITHACA CORNELL UNIVERSITY, NY US","42.44915","-76.44905","292.6","2021-01-13",,,"0.00",",,7,0700","0.0",",,7,0700","0.0","T,,7,0700","32",",,7","28",",,7","29",",,7,0700"
"USC00304174","ITHACA CORNELL UNIVERSITY, NY US","42.44915","-76.44905","292.6","2021-01-14",,,"0.00",",,7,0700","0.0",",,7,0700","0.0","T,,7,0700","35",",,7","29",",,7","33",",,7,0700"
"USC00304174","ITHACA CORNELL UNIVERSITY, NY US","42.44915","-76.44905","292.6","2021-01-15",,,"0.00",",,7,0700","0.0",",,7,0700","0.0","T,,7,0700","39",",,7","31",",,7","32",",,7,0700"
"USC00304174","ITHACA CORNELL UNIVERSITY, NY US","42.44915","-76.44905","292.6","2021-01-16",,,"0.45",",,7,0700","0.5",",,7,0700","1.0",",,7,0700","41",",,7","31",",,7","32",",,7,0700"
"USC00304174","ITHACA CORNELL UNIVERSITY, NY US","42.44915","-76.44905","292.6","2021-01-17",,,"0.00","T,,7,0700","0.0","T,,7,0700","0.0","T,,7,0700","35",",,7","31",",,7","32",",,7,0700"
"USC00304174","ITHACA CORNELL UNIVERSITY, NY US","42.44915","-76.44905","292.6","2021-01-18",,,"0.04",",,7,0700","0.7",",,7,0700","1.0",",,7,0700","38",",,7","28",",,7","31",",,7,0700"
"USC00304174","ITHACA CORNELL UNIVERSITY, NY US","42.44915","-76.44905","292.6","2021-01-19",,,"0.04",",,7,0700","0.5",",,7,0700","1.0",",,7,0700","31",",,7","26",",,7","29",",,7,0700"
"USC00304174","ITHACA CORNELL UNIVERSITY, NY US","42.44915","-76.44905","292.6","2021-01-20",,,"0.08",",,7,0700","0.8",",,7,0700","2.0",",,7,0700","34",",,7","24",",,7","25",",,7,0700"
"USC00304174","ITHACA CORNELL UNIVERSITY, NY US","42.44915","-76.44905","292.6","2021-01-21",,,"0.01",",,7,0700","0.2",",,7,0700","1.0",",,7,0700","25",",,7","16",",,7","23",",,7,0700"
"USC00304174","ITHACA CORNELL UNIVERSITY, NY US","42.44915","-76.44905","292.6","2021-01-22",,,"0.05",",,7,0700","0.7",",,7,0700","2.0",",,7,0700","34",",,7","23",",,7","28",",,7,0700"
"USC00304174","ITHACA CORNELL UNIVERSITY, NY US","42.44915","-76.44905","292.6","2021-01-23",,,"0.02",",,7,0700","0.2",",,7,0700","1.0",",,7,0700","34",",,7","18",",,7","18",",,7,0700"
"USC00304174","ITHACA CORNELL UNIVERSITY, NY US","42.44915","-76.44905","292.6","2021-01-24",,,"0.03",",,7,0700","0.4",",,7,0700","1.0",",,7,0700","19",",,7","13",",,7","13",",,7,0700"
"USC00304174","ITHACA CORNELL UNIVERSITY, NY US","42.44915","-76.44905","292.6","2021-01-25",,,"0.00",",,7,0700","0.0",",,7,0700","1.0",",,7,0700","20",",,7","2",",,7","2",",,7,0700"
"USC00304174","ITHACA CORNELL UNIVERSITY, NY US","42.44915","-76.44905","292.6","2021-01-26",,,"0.00",",,7,0700","0.0",",,7,0700","1.0",",,7,0700","30",",,7","2",",,7","26",",,7,0700"
"USC00304174","ITHACA CORNELL UNIVERSITY, NY US","42.44915","-76.44905","292.6","2021-01-27",,,"0.26",",,7,0700","1.5",",,7,0700","2.0",",,7,0700","32",",,7","24",",,7","25",",,7,0700"
"USC00304174","ITHACA CORNELL UNIVERSITY, NY US","42.44915","-76.44905","292.6","2021-01-28",,,"0.10",",,7,0700","4.0",",,7,0700","6.0",",,7,0700","25",",,7","16",",,7","16",",,7,0700"
"USC00304174","ITHACA CORNELL UNIVERSITY, NY US","42.44915","-76.44905","292.6","2021-01-29",,,"0.08",",,7,0700","1.0",",,7,0700","5.0",",,7,0700","18",",,7","6",",,7","8",",,7,0700"
"USC00304174","ITHACA CORNELL UNIVERSITY, NY US","42.44915","-76.44905","292.6","2021-01-30",,,"0.07",",,7,0700","3.0",",,7,0700","8.0",",,7,0700","14",",,7","8",",,7","12",",,7,0700"
"USC00304174","ITHACA CORNELL UNIVERSITY, NY US","42.44915","-76.44905","292.6","2021-01-31",,,"0.00","T,,7,0700","0.0","T,,7,0700","6.0",",,7,0700","22",",,7","-3",",,7","6",",,7,0700"
"USC00304174","ITHACA CORNELL UNIVERSITY, NY US","42.44915","-76.44905","292.6","2021-02-01",,,"0.15",",,7,0700","2.5",",,7,0700","7.0",",,7,0700","25",",,7","6",",,7","20",",,7,0700"
"USC00304174","ITHACA CORNELL UNIVERSITY, NY US","42.44915","-76.44905","292.6","2021-02-02",,,"0.64",",,7,0700","8.5",",,7,0700","15.0",",,7,0700","26",",,7","17",",,7","20",",,7,0700"
"USC00304174","ITHACA CORNELL UNIVERSITY, NY US","42.44915","-76.44905","292.6","2021-02-03",,,"0.60",",,7,0700","11.5",",,7,0700","24.0",",,7,0700","27",",,7","20",",,7","27",",,7,0700"
"USC00304174","ITHACA CORNELL UNIVERSITY, NY US","42.44915","-76.44905","292.6","2021-02-04",,,"0.05",",,7,0700","0.6",",,7,0700","22.0",",,7,0700","27",",,7","23",",,7","25",",,7,0700"
"USC00304174","ITHACA CORNELL UNIVERSITY, NY US","42.44915","-76.44905","292.6","2021-02-05",,,"0.05",",,7,0700","0.5",",,7,0700","17.0",",,7,0700","38",",,7","17",",,7","33",",,7,0700"
"USC00304174","ITHACA CORNELL UNIVERSITY, NY US","42.44915","-76.44905","292.6","2021-02-06",,,"0.00",",,7,0700","0.0",",,7,0700","14.0",",,7,0700","42",",,7","25",",,7","25",",,7,0700"
"USC00304174","ITHACA CORNELL UNIVERSITY, NY US","42.44915","-76.44905","292.6","2021-02-07",,,"0.00",",,7,0700","0.0",",,7,0700","13.0",",,7,0700","31",",,7","2",",,7","12",",,7,0700"
"USC00304174","ITHACA CORNELL UNIVERSITY, NY US","42.44915","-76.44905","292.6","2021-02-08",,,"0.00","T,,7,0700","0.0","T,,7,0700","12.0",",,7,0700","30",",,7","-8",",,7","-6",",,7,0700"
"USC00304174","ITHACA CORNELL UNIVERSITY, NY US","42.44915","-76.44905","292.6","2021-02-09",,,"0.00","T,,7,0700","0.0","T,,7,0700","12.0",",,7,0700","24",",,7","-6",",,7","20",",,7,0700"
"USC00304174","ITHACA CORNELL UNIVERSITY, NY US","42.44915","-76.44905","292.6","2021-02-10",,,"0.03",",,7,0700","0.5",",,7,0700","13.0",",,7,0700","27",",,7","13",",,7","15",",,7,0700"
"USC00304174","ITHACA CORNELL UNIVERSITY, NY US","42.44915","-76.44905","292.6","2021-02-11",,,"0.03",",,7,0700","2.2",",,7,0700","14.0",",,7,0700","24",",,7","14",",,7","15",",,7,0700"
"USC00304174","ITHACA CORNELL UNIVERSITY, NY US","42.44915","-76.44905","292.6","2021-02-12",,,"0.00","T,,7,0700","0.0","T,,7,0700","13.0",",,7,0700","24",",,7","-4",",,7","4",",,7,0700"
"USC00304174","ITHACA CORNELL UNIVERSITY, NY US","42.44915","-76.44905","292.6","2021-02-13",,,"0.00",",,7,0700","0.0",",,7,0700","12.0",",,7,0700","16",",,7","2",",,7","4",",,7,0700"
"USC00304174","ITHACA CORNELL UNIVERSITY, NY US","42.44915","-76.44905","292.6","2021-02-14",,,"0.00",",,7,0700","0.0",",,7,0700","11.0",",,7,0700","24",",,7","4",",,7","23",",,7,0700"
"USC00304174","ITHACA CORNELL UNIVERSITY, NY US","42.44915","-76.44905","292.6","2021-02-15",,,"0.00","T,,7,0700","0.0","T,,7,0700","10.0",",,7,0700","24",",,7","15",",,7","20",",,7,0700"
"USC00304174","ITHACA CORNELL UNIVERSITY, NY US","42.44915","-76.44905","292.6","2021-02-16",,,"0.55",",,7,0700","2.5",",,7,0700","13.0",",,7,0700","34",",,7","20",",,7","34",",,7,0700"
"USC00304174","ITHACA CORNELL UNIVERSITY, NY US","42.44915","-76.44905","292.6","2021-02-17",,,"0.01",",,7,0700","0.2",",,7,0700","12.0",",,7,0700","39",",,7","10",",,7","10",",,7,0700"
"USC00304174","ITHACA CORNELL UNIVERSITY, NY US","42.44915","-76.44905","292.6","2021-02-18",,,"0.01",",,7,0700","0.3",",,7,0700","12.0",",,7,0700","23",",,7","10",",,7","16",",,7,0700"
"USC00304174","ITHACA CORNELL UNIVERSITY, NY US","42.44915","-76.44905","292.6","2021-02-19",,,"0.08",",,7,0700","1.8",",,7,0700","14.0",",,7,0700","23",",,7","16",",,7","21",",,7,0700"
"USC00304174","ITHACA CORNELL UNIVERSITY, NY US","42.44915","-76.44905","292.6","2021-02-20",,,"0.07",",,7,0700","2.5",",,7,0700","15.0",",,7,0700","30",",,7","20",",,7","20",",,7,0700"
"USC00304174","ITHACA CORNELL UNIVERSITY, NY US","42.44915","-76.44905","292.6","2021-02-21",,,"0.07",",,7,0700","1.8",",,7,0700","16.0",",,7,0700","26",",,7","9",",,7","9",",,7,0700"
"USC00304174","ITHACA CORNELL UNIVERSITY, NY US","42.44915","-76.44905","292.6","2021-02-22",,,"0.00","T,,7,0700","0.1",",,7,0700","14.0",",,7,0700","32",",,7","8",",,7","24",",,7,0700"
"USC00304174","ITHACA CORNELL UNIVERSITY, NY US","42.44915","-76.44905","292.6","2021-02-23",,,"0.06",",,7,0700","0.6",",,7,0700","15.0",",,7,0700","33",",,7","22",",,7","27",",,7,0700"
"USC00304174","ITHACA CORNELL UNIVERSITY, NY US","42.44915","-76.44905","292.6","2021-02-24",,,"0.03",",,7,0700","0.4",",,7,0700","13.0",",,7,0700","38",",,7","25",",,7","28",",,7,0700"
"USC00304174","ITHACA CORNELL UNIVERSITY, NY US","42.44915","-76.44905","292.6","2021-02-25",,,"0.00",",,7,0700","0.0",",,7,0700","9.0",",,7,0700","52",",,7","28",",,7","29",",,7,0700"
"USC00304174","ITHACA CORNELL UNIVERSITY, NY US","42.44915","-76.44905","292.6","2021-02-26",,,"0.00",",,7,0700","0.0",",,7,0700","8.0",",,7,0700","35",",,7","14",",,7","21",",,7,0700"
"USC00304174","ITHACA CORNELL UNIVERSITY, NY US","42.44915","-76.44905","292.6","2021-02-27",,,"0.00","T,,7,0700","0.0","T,,7,0700","8.0",",,7,0700","40",",,7","20",",,7","34",",,7,0700"
"USC00304174","ITHACA CORNELL UNIVERSITY, NY US","42.44915","-76.44905","292.6","2021-02-28",,,"0.00",",,7,0700","0.0",",,7,0700","7.0",",,7,0700","49",",,7","24",",,7","25",",,7,0700"
"USC00304174","ITHACA CORNELL UNIVERSITY, NY US","42.44915","-76.44905","292.6","2021-03-01",,,"0.04",",,7,0700","0.0",",,7,0700","3.0",",,7,0700","40",",,7","25",",,7","38",",,7,0700"
"USC00304174","ITHACA CORNELL UNIVERSITY, NY US","42.44915","-76.44905","292.6","2021-03-02",,,"0.05",",,7,0700","0.7",",,7,0700","3.0",",,7,0700","38",",,7","11",",,7","11",",,7,0700"
"USC00304174","ITHACA CORNELL UNIVERSITY, NY US","42.44915","-76.44905","292.6","2021-03-03",,,"0.00",",,7,0700","0.0",",,7,0700","2.0",",,7,0700","25",",,7","11",",,7","18",",,7,0700"
"USC00304174","ITHACA CORNELL UNIVERSITY, NY US","42.44915","-76.44905","292.6","2021-03-04",,,"0.02",",,7,0700","0.2",",,7,0700","2.0",",,7,0700","41",",,7","18",",,7","27",",,7,0700"
"USC00304174","ITHACA CORNELL UNIVERSITY, NY US","42.44915","-76.44905","292.6","2021-03-05",,,"0.00",",,7,0700","0.0",",,7,0700","1.0",",,7,0700","27",",,7","15",",,7","16",",,7,0700"
"USC00304174","ITHACA CORNELL UNIVERSITY, NY US","42.44915","-76.44905","292.6","2021-03-06",,,"0.02",",,7,0700","0.5",",,7,0700","2.0",",,7,0700","29",",,7","16",",,7","16",",,7,0700"
"USC00304174","ITHACA CORNELL UNIVERSITY, NY US","42.44915","-76.44905","292.6","2021-03-07",,,"0.03",",,7,0700","0.5",",,7,0700","1.0",",,7,0700","24",",,7","16",",,7","19",",,7,0700"
"USC00304174","ITHACA CORNELL UNIVERSITY, NY US","42.44915","-76.44905","292.6","2021-03-08",,,"0.00",",,7,0700","0.0",",,7,0700","1.0",",,7,0700","28",",,7","4",",,7","5",",,7,0700"
"USC00304174","ITHACA CORNELL UNIVERSITY, NY US","42.44915","-76.44905","292.6","2021-03-09",,,"0.00",",,7,0700","0.0",",,7,0700","1.0",",,7,0700","43",",,7","5",",,7","36",",,7,0700"
"USC00304174","ITHACA CORNELL UNIVERSITY, NY US","42.44915","-76.44905","292.6","2021-03-10",,,"0.00",",,7,0700","0.0",",,7,0700","0.0","T,,7,0700","48",",,7","24",",,7","38",",,7,0700"
"USC00304174","ITHACA CORNELL UNIVERSITY, NY US","42.44915","-76.44905","292.6","2021-03-11",,,"0.00",",,7,0700","0.0",",,7,0700","0.0",",,7,0700","61",",,7","38",",,7","48",",,7,0700"
"USC00304174","ITHACA CORNELL UNIVERSITY, NY US","42.44915","-76.44905","292.6","2021-03-12",,,"0.00",",,7,0700","0.0",",,7,0700","0.0",",,7,0700","68",",,7","34",",,7","38",",,7,0700"
"USC00304174","ITHACA CORNELL UNIVERSITY, NY US","42.44915","-76.44905","292.6","2021-03-13",,,"0.00",",,7,0700","0.0",",,7,0700","0.0",",,7,0700","55",",,7","23",",,7","24",",,7,0700"
"USC00304174","ITHACA CORNELL UNIVERSITY, NY US","42.44915","-76.44905","292.6","2021-03-14",,,"0.00",",,7,0700","0.0",",,7,0700","0.0",",,7,0700","41",",,7","24",",,7","34",",,7,0700"
"USC00304174","ITHACA CORNELL UNIVERSITY, NY US","42.44915","-76.44905","292.6","2021-03-15",,,"0.04",",,7,0700","0.0","T,,7,0700","0.0","T,,7,0700","36",",,7","14",",,7","14",",,7,0700"
"USC00304174","ITHACA CORNELL UNIVERSITY, NY US","42.44915","-76.44905","292.6","2021-03-16",,,"0.00",",,7,0700","0.0",",,7,0700","0.0",",,7,0700","26",",,7","14",",,7","22",",,7,0700"
"USC00304174","ITHACA CORNELL UNIVERSITY, NY US","42.44915","-76.44905","292.6","2021-03-17",,,"0.00",",,7,0700","0.0",",,7,0700","0.0",",,7,0700","37",",,7","22",",,7","32",",,7,0700"
"USC00304174","ITHACA CORNELL UNIVERSITY, NY US","42.44915","-76.44905","292.6","2021-03-18",,,"0.00","T,,7,0700","0.0",",,7,0700","0.0",",,7,0700","52",",,7","32",",,7","37",",,7,0700"
"USC00304174","ITHACA CORNELL UNIVERSITY, NY US","42.44915","-76.44905","292.6","2021-03-19",,,"0.50",",,7,0700","0.0",",,7,0700","0.0",",,7,0700","41",",,7","20",",,7","20",",,7,0700"
"USC00304174","ITHACA CORNELL UNIVERSITY, NY US","42.44915","-76.44905","292.6","2021-03-20",,,"0.00",",,7,0700","0.0",",,7,0700","0.0",",,7,0700","33",",,7","17",",,7","17",",,7,0700"
"USC00304174","ITHACA CORNELL UNIVERSITY, NY US","42.44915","-76.44905","292.6","2021-03-21",,,"0.00",",,7,0700","0.0",",,7,0700","0.0",",,7,0700","52",",,7","17",",,7","24",",,7,0700"
"USC00304174","ITHACA CORNELL UNIVERSITY, NY US","42.44915","-76.44905","292.6","2021-03-22",,,"0.00",",,7,0700","0.0",",,7,0700","0.0",",,7,0700","62",",,7","24",",,7","33",",,7,0700"
"USC00304174","ITHACA CORNELL UNIVERSITY, NY US","42.44915","-76.44905","292.6","2021-03-23",,,"0.00",",,7,0700","0.0",",,7,0700","0.0",",,7,0700","65",",,7","29",",,7","29",",,7,0700"
"USC00304174","ITHACA CORNELL UNIVERSITY, NY US","42.44915","-76.44905","292.6","2021-03-24",,,"0.01",",,7,0700","0.0",",,7,0700","0.0",",,7,0700","65",",,7","29",",,7","48",",,7,0700"
"USC00304174","ITHACA CORNELL UNIVERSITY, NY US","42.44915","-76.44905","292.6","2021-03-25",,,"0.12",",,7,0700","0.0",",,7,0700","0.0",",,7,0700","56",",,7","47",",,7","51",",,7,0700"
"USC00304174","ITHACA CORNELL UNIVERSITY, NY US","42.44915","-76.44905","292.6","2021-03-26",,,"0.04",",,7,0700","0.0",",,7,0700","0.0",",,7,0700","73",",,7","51",",,7","59",",,7,0700"
"USC00304174","ITHACA CORNELL UNIVERSITY, NY US","42.44915","-76.44905","292.6","2021-03-27",,,"0.00","T,,7,0700","0.0",",,7,0700","0.0",",,7,0700","68",",,7","37",",,7","37",",,7,0700"
"USC00304174","ITHACA CORNELL UNIVERSITY, NY US","42.44915","-76.44905","292.6","2021-03-28",,,"0.00","T,,7,0700","0.0",",,7,0700","0.0",",,7,0700","56",",,7","36",",,7","52",",,7,0700"
"USC00304174","ITHACA CORNELL UNIVERSITY, NY US","42.44915","-76.44905","292.6","2021-03-29",,,"0.32",",,7,0700","0.0","T,,7,0700","0.0",",,7,0700","58",",,7","32",",,7","33",",,7,0700"
"USC00304174","ITHACA CORNELL UNIVERSITY, NY US","42.44915","-76.44905","292.6","2021-03-30",,,"0.00",",,7,0700","0.0",",,7,0700","0.0",",,7,0700","44",",,7","26",",,7","36",",,7,0700"
"USC00304174","ITHACA CORNELL UNIVERSITY, NY US","42.44915","-76.44905","292.6","2021-03-31",,,"0.00",",,7,0700","0.0",",,7,0700","0.0",",,7,0700","66",",,7","36",",,7","51",",,7,0700"
"USC00304174","ITHACA CORNELL UNIVERSITY, NY US","42.44915","-76.44905","292.6","2021-04-01",,,"0.32",",,7,0700","3.0",",,7,0700","3.0",",,7,0700","55",",,7","29",",,7","30",",,7,0700"
"USC00304174","ITHACA CORNELL UNIVERSITY, NY US","42.44915","-76.44905","292.6","2021-04-02",,,"0.14",",,7,0700","0.8",",,7,0700","2.0",",,7,0700","34",",,7","19",",,7","22",",,7,0700"
"USC00304174","ITHACA CORNELL UNIVERSITY, NY US","42.44915","-76.44905","292.6","2021-04-03",,,"0.00",",,7,0700","0.0",",,7,0700","0.0",",,7,0700","33",",,7","15",",,7","16",",,7,0700"
"USC00304174","ITHACA CORNELL UNIVERSITY, NY US","42.44915","-76.44905","292.6","2021-04-04",,,"0.00",",,7,0700","0.0",",,7,0700","0.0",",,7,0700","49",",,7","16",",,7","36",",,7,0700"
"USC00304174","ITHACA CORNELL UNIVERSITY, NY US","42.44915","-76.44905","292.6","2021-04-05",,,"0.00",",,7,0700","0.0",",,7,0700","0.0",",,7,0700","54",",,7","26",",,7","37",",,7,0700"
"USC00304174","ITHACA CORNELL UNIVERSITY, NY US","42.44915","-76.44905","292.6","2021-04-06",,,"0.00",",,7,0700","0.0",",,7,0700","0.0",",,7,0700","55",",,7","24",",,7","27",",,7,0700"
"USC00304174","ITHACA CORNELL UNIVERSITY, NY US","42.44915","-76.44905","292.6","2021-04-07",,,"0.00",",,7,0700","0.0",",,7,0700","0.0",",,7,0700","59",",,7","27",",,7","45",",,7,0700"
"USC00304174","ITHACA CORNELL UNIVERSITY, NY US","42.44915","-76.44905","292.6","2021-04-08",,,"0.00",",,7,0700","0.0",",,7,0700","0.0",",,7,0700","68",",,7","36",",,7","50",",,7,0700"
"USC00304174","ITHACA CORNELL UNIVERSITY, NY US","42.44915","-76.44905","292.6","2021-04-09",,,"0.00",",,7,0700","0.0",",,7,0700","0.0",",,7,0700","74",",,7","50",",,7","52",",,7,0700"
"USC00304174","ITHACA CORNELL UNIVERSITY, NY US","42.44915","-76.44905","292.6","2021-04-10",,,"0.00",",,7,0700","0.0",",,7,0700","0.0",",,7,0700","63",",,7","52",",,7","53",",,7,0700"
"USC00304174","ITHACA CORNELL UNIVERSITY, NY US","42.44915","-76.44905","292.6","2021-04-11",,,"0.00","T,,7,0700","0.0",",,7,0700","0.0",",,7,0700","75",",,7","53",",,7","57",",,7,0700"
"USC00304174","ITHACA CORNELL UNIVERSITY, NY US","42.44915","-76.44905","292.6","2021-04-12",,,"0.28",",,7,0700","0.0",",,7,0700","0.0",",,7,0700","60",",,7","47",",,7","47",",,7,0700"
"USC00304174","ITHACA CORNELL UNIVERSITY, NY US","42.44915","-76.44905","292.6","2021-04-13",,,"0.25",",,7,0700","0.0",",,7,0700","0.0",",,7,0700","47",",,7","38",",,7","42",",,7,0700"
"USC00304174","ITHACA CORNELL UNIVERSITY, NY US","42.44915","-76.44905","292.6","2021-04-14",,,"0.01",",,7,0700","0.0",",,7,0700","0.0",",,7,0700","63",",,7","38",",,7","41",",,7,0700"
"USC00304174","ITHACA CORNELL UNIVERSITY, NY US","42.44915","-76.44905","292.6","2021-04-15",,,"0.00",",,7,0700","0.0",",,7,0700","0.0",",,7,0700","66",",,7","41",",,7","44",",,7,0700"
"USC00304174","ITHACA CORNELL UNIVERSITY, NY US","42.44915","-76.44905","292.6","2021-04-16",,,"0.28",",,7,0700","0.0","T,,7,0700","0.0",",,7,0700","46",",,7","34",",,7","34",",,7,0700"
"USC00304174","ITHACA CORNELL UNIVERSITY, NY US","42.44915","-76.44905","292.6","2021-04-17",,,"0.56",",,7,0700","0.0",",,7,0700","0.0",",,7,0700","40",",,7","32",",,7","38",",,7,0700"
"USC00304174","ITHACA CORNELL UNIVERSITY, NY US","42.44915","-76.44905","292.6","2021-04-18",,,"0.04",",,7,0700","0.0",",,7,0700","0.0",",,7,0700","48",",,7","36",",,7","38",",,7,0700"
"USC00304174","ITHACA CORNELL UNIVERSITY, NY US","42.44915","-76.44905","292.6","2021-04-19",,,"0.04",",,7,0700","0.0",",,7,0700","0.0",",,7,0700","56",",,7","37",",,7","40",",,7,0700"
"USC00304174","ITHACA CORNELL UNIVERSITY, NY US","42.44915","-76.44905","292.6","2021-04-20",,,"0.03",",,7,0700","0.0",",,7,0700","0.0",",,7,0700","60",",,7","39",",,7","44",",,7,0700"
"USC00304174","ITHACA CORNELL UNIVERSITY, NY US","42.44915","-76.44905","292.6","2021-04-21",,,"0.24",",,7,0700","0.0","T,,7,0700","0.0","T,,7,0700","45",",,7","33",",,7","33",",,7,0700"
"USC00304174","ITHACA CORNELL UNIVERSITY, NY US","42.44915","-76.44905","292.6","2021-04-22",,,"0.16",",,7,0700","0.0","T,,7,0700","0.0","T,,7,0700","33",",,7","26",",,7","26",",,7,0700"
"USC00304174","ITHACA CORNELL UNIVERSITY, NY US","42.44915","-76.44905","292.6","2021-04-23",,,"0.01",",,7,0700","0.3",",,7,0700","0.0","T,,7,0700","39",",,7","23",",,7","32",",,7,0700"
"USC00304174","ITHACA CORNELL UNIVERSITY, NY US","42.44915","-76.44905","292.6","2021-04-24",,,"0.00",",,7,0700","0.0",",,7,0700","0.0",",,7,0700","59",",,7","32",",,7","41",",,7,0700"
"USC00304174","ITHACA CORNELL UNIVERSITY, NY US","42.44915","-76.44905","292.6","2021-04-25",,,"0.11",",,7,0700","0.0",",,7,0700","0.0",",,7,0700","65",",,7","40",",,7","45",",,7,0700"
"USC00304174","ITHACA CORNELL UNIVERSITY, NY US","42.44915","-76.44905","292.6","2021-04-26",,,"0.00","T,,7,0700","0.0",",,7,0700","0.0",",,7,0700","56",",,7","31",",,7","32",",,7,0700"
"USC00304174","ITHACA CORNELL UNIVERSITY, NY US","42.44915","-76.44905","292.6","2021-04-27",,,"0.04",",,7,0700","0.0",",,7,0700","0.0",",,7,0700","47",",,7","30",",,7","36",",,7,0700"
"USC00304174","ITHACA CORNELL UNIVERSITY, NY US","42.44915","-76.44905","292.6","2021-04-28",,,"0.00",",,7,0700","0.0",",,7,0700","0.0",",,7,0700","72",",,7","36",",,7","49",",,7,0700"
"USC00304174","ITHACA CORNELL UNIVERSITY, NY US","42.44915","-76.44905","292.6","2021-04-29",,,"0.03",",,7,0700","0.0",",,7,0700","0.0",",,7,0700","78",",,7","48",",,7","49",",,7,0700"
"USC00304174","ITHACA CORNELL UNIVERSITY, NY US","42.44915","-76.44905","292.6","2021-04-30",,,"1.34",",,7,0700","0.0",",,7,0700","0.0",",,7,0700","55",",,7","47",",,7","48",",,7,0700"
"USC00304174","ITHACA CORNELL UNIVERSITY, NY US","42.44915","-76.44905","292.6","2021-05-01","0.08",",,7,0700","0.04",",,7,0700","0.0",",,7,0700","0.0",",,7,0700","54",",,7","33",",,7","34",",,7,0700"
"USC00304174","ITHACA CORNELL UNIVERSITY, NY US","42.44915","-76.44905","292.6","2021-05-02","0.24",",,7,0700","0.01",",,7,0700","0.0",",,7,0700","0.0",",,7,0700","60",",,7","34",",,7","56",",,7,0700"
"USC00304174","ITHACA CORNELL UNIVERSITY, NY US","42.44915","-76.44905","292.6","2021-05-03","0.11",",,7,0700","0.01",",,7,0700","0.0",",,7,0700","0.0",",,7,0700","68",",,7","44",",,7","48",",,7,0700"
"USC00304174","ITHACA CORNELL UNIVERSITY, NY US","42.44915","-76.44905","292.6","2021-05-04","0.05",",,7,0700","0.24",",,7,0700","0.0",",,7,0700","0.0",",,7,0700","63",",,7","48",",,7","55",",,7,0700"
"USC00304174","ITHACA CORNELL UNIVERSITY, NY US","42.44915","-76.44905","292.6","2021-05-05","0.10",",,7,0700","0.20",",,7,0700","0.0",",,7,0700","0.0",",,7,0700","76",",,7","52",",,7","52",",,7,0700"
"USC00304174","ITHACA CORNELL UNIVERSITY, NY US","42.44915","-76.44905","292.6","2021-05-06","0.07",",,7,0700","0.10",",,7,0700","0.0",",,7,0700","0.0",",,7,0700","52",",,7","40",",,7","41",",,7,0700"
"USC00304174","ITHACA CORNELL UNIVERSITY, NY US","42.44915","-76.44905","292.6","2021-05-07","0.16",",,7,0700","0.00",",,7,0700","0.0",",,7,0700","0.0",",,7,0700","54",",,7","30",",,7","35",",,7,0700"
"USC00304174","ITHACA CORNELL UNIVERSITY, NY US","42.44915","-76.44905","292.6","2021-05-08","0.07",",,7,0700","0.88",",,7,0700","0.0",",,7,0700","0.0",",,7,0700","53",",,7","34",",,7","36",",,7,0700"
"USC00304174","ITHACA CORNELL UNIVERSITY, NY US","42.44915","-76.44905","292.6","2021-05-09","0.11",",,7,0700","0.02",",,7,0700","0.0",",,7,0700","0.0",",,7,0700","51",",,7","32",",,7","36",",,7,0700"
"USC00304174","ITHACA CORNELL UNIVERSITY, NY US","42.44915","-76.44905","292.6","2021-05-10","0.04",",,7,0700","0.62",",,7,0700","0.0",",,7,0700","0.0",",,7,0700","54",",,7","36",",,7","41",",,7,0700"
"USC00304174","ITHACA CORNELL UNIVERSITY, NY US","42.44915","-76.44905","292.6","2021-05-11","0.10",",,7,0700","0.01",",,7,0700","0.0",",,7,0700","0.0",",,7,0700","55",",,7","31",",,7","38",",,7,0700"
"USC00304174","ITHACA CORNELL UNIVERSITY, NY US","42.44915","-76.44905","292.6","2021-05-12","0.19",",,7,0700","0.00",",,7,0700","0.0",",,7,0700","0.0",",,7,0700","52",",,7","36",",,7","42",",,7,0700"
"USC00304174","ITHACA CORNELL UNIVERSITY, NY US","42.44915","-76.44905","292.6","2021-05-13","0.20",",,7,0700","0.00",",,7,0700","0.0",",,7,0700","0.0",",,7,0700","61",",,7","32",",,7","38",",,7,0700"
"USC00304174","ITHACA CORNELL UNIVERSITY, NY US","42.44915","-76.44905","292.6","2021-05-14","0.21",",,7,0700","0.00",",,7,0700","0.0",",,7,0700","0.0",",,7,0700","64",",,7","34",",,7","41",",,7,0700"
"USC00304174","ITHACA CORNELL UNIVERSITY, NY US","42.44915","-76.44905","292.6","2021-05-15","0.23",",,7,0700","0.00",",,7,0700","0.0",",,7,0700","0.0",",,7,0700","69",",,7","38",",,7","43",",,7,0700"
"USC00304174","ITHACA CORNELL UNIVERSITY, NY US","42.44915","-76.44905","292.6","2021-05-16","0.23",",,7,0700","0.00",",,7,0700","0.0",",,7,0700","0.0",",,7,0700","71",",,7","38",",,7","44",",,7,0700"
"USC00304174","ITHACA CORNELL UNIVERSITY, NY US","42.44915","-76.44905","292.6","2021-05-17","0.14",",,7,0700","0.02",",,7,0700","0.0",",,7,0700","0.0",",,7,0700","70",",,7","44",",,7","50",",,7,0700"
"USC00304174","ITHACA CORNELL UNIVERSITY, NY US","42.44915","-76.44905","292.6","2021-05-18","0.19",",,7,0700","0.00",",,7,0700","0.0",",,7,0700","0.0",",,7,0700","74",",,7","44",",,7","49",",,7,0700"
"USC00304174","ITHACA CORNELL UNIVERSITY, NY US","42.44915","-76.44905","292.6","2021-05-19","0.28",",,7,0700","0.00",",,7,0700","0.0",",,7,0700","0.0",",,7,0700","77",",,7","45",",,7","52",",,7,0700"
"USC00304174","ITHACA CORNELL UNIVERSITY, NY US","42.44915","-76.44905","292.6","2021-05-20","0.22",",,7,0700","0.00",",,7,0700","0.0",",,7,0700","0.0",",,7,0700","83",",,7","50",",,7","57",",,7,0700"
"USC00304174","ITHACA CORNELL UNIVERSITY, NY US","42.44915","-76.44905","292.6","2021-05-21","0.30",",,7,0700","0.00",",,7,0700","0.0",",,7,0700","0.0",",,7,0700","88",",,7","57",",,7","66",",,7,0700"
"USC00304174","ITHACA CORNELL UNIVERSITY, NY US","42.44915","-76.44905","292.6","2021-05-22","0.25",",,7,0700","0.00",",,7,0700","0.0",",,7,0700","0.0",",,7,0700","89",",,7","56",",,7","58",",,7,0700"
"USC00304174","ITHACA CORNELL UNIVERSITY, NY US","42.44915","-76.44905","292.6","2021-05-23","0.19",",,7,0700","0.00","T,,7,0700","0.0",",,7,0700","0.0",",,7,0700","82",",,7","57",",,7","64",",,7,0700"
"USC00304174","ITHACA CORNELL UNIVERSITY, NY US","42.44915","-76.44905","292.6","2021-05-24","0.20",",,7,0700","0.00",",,7,0700","0.0",",,7,0700","0.0",",,7,0700","77",",,7","44",",,7","47",",,7,0700"
"USC00304174","ITHACA CORNELL UNIVERSITY, NY US","42.44915","-76.44905","292.6","2021-05-25","0.26",",,7,0700","0.00",",,7,0700","0.0",",,7,0700","0.0",",,7,0700","74",",,7","47",",,7","58",",,7,0700"
"USC00304174","ITHACA CORNELL UNIVERSITY, NY US","42.44915","-76.44905","292.6","2021-05-26","0.24",",,7,0700","0.22",",,7,0700","0.0",",,7,0700","0.0",",,7,0700","81",",,7","58",",,7","69",",,7,0700"
"USC00304174","ITHACA CORNELL UNIVERSITY, NY US","42.44915","-76.44905","292.6","2021-05-27","0.16",",,7,0700","0.42",",,7,0700","0.0",",,7,0700","0.0",",,7,0700","84",",,7","53",",,7","53",",,7,0700"
"USC00304174","ITHACA CORNELL UNIVERSITY, NY US","42.44915","-76.44905","292.6","2021-05-28","0.24",",,7,0700","0.00",",,7,0700","0.0",",,7,0700","0.0",",,7,0700","63",",,7","43",",,7","46",",,7,0700"
"USC00304174","ITHACA CORNELL UNIVERSITY, NY US","42.44915","-76.44905","292.6","2021-05-29","0.07",",,7,0700","0.85",",,7,0700","0.0",",,7,0700","0.0",",,7,0700","50",",,7","41",",,7","41",",,7,0700"
"USC00304174","ITHACA CORNELL UNIVERSITY, NY US","42.44915","-76.44905","292.6","2021-05-30","0.14",",,7,0700","0.25",",,7,0700","0.0",",,7,0700","0.0",",,7,0700","51",",,7","41",",,7","45",",,7,0700"
"USC00304174","ITHACA CORNELL UNIVERSITY, NY US","42.44915","-76.44905","292.6","2021-05-31","0.05",",,7,0700","0.16",",,7,0700","0.0",",,7,0700","0.0",",,7,0700","52",",,7","45",",,7","47",",,7,0700"
"USC00304174","ITHACA CORNELL UNIVERSITY, NY US","42.44915","-76.44905","292.6","2021-06-01","0.23",",,7,0700","0.00",",,7,0700","0.0",",,7,0700","0.0",",,7,0700","69",",,7","45",",,7","51",",,7,0700"
"USC00304174","ITHACA CORNELL UNIVERSITY, NY US","42.44915","-76.44905","292.6","2021-06-02","0.21",",,7,0700","0.00",",,7,0700","0.0",",,7,0700","0.0",",,7,0700","74",",,7","47",",,7","53",",,7,0700"
"USC00304174","ITHACA CORNELL UNIVERSITY, NY US","42.44915","-76.44905","292.6","2021-06-03","0.03",",,7,0700","0.33",",,7,0700","0.0",",,7,0700","0.0",",,7,0700","67",",,7","53",",,7","60",",,7,0700"
"USC00304174","ITHACA CORNELL UNIVERSITY, NY US","42.44915","-76.44905","292.6","2021-06-04","0.11",",,7,0700","0.55",",,7,0700","0.0",",,7,0700","0.0",",,7,0700","71",",,7","60",",,7","63",",,7,0700"
"USC00304174","ITHACA CORNELL UNIVERSITY, NY US","42.44915","-76.44905","292.6","2021-06-05","0.27",",,7,0700","0.00",",,7,0700","0.0",",,7,0700","0.0",",,7,0700","80",",,7","59",",,7","70",",,7,0700"
"USC00304174","ITHACA CORNELL UNIVERSITY, NY US","42.44915","-76.44905","292.6","2021-06-06","0.34",",,7,0700","0.00",",,7,0700","0.0",",,7,0700","0.0",",,7,0700","87",",,7","56",",,7","65",",,7,0700"
"USC00304174","ITHACA CORNELL UNIVERSITY, NY US","42.44915","-76.44905","292.6","2021-06-07","0.30",",,7,0700","0.00",",,7,0700","0.0",",,7,0700","0.0",",,7,0700","87",",,7","58",",,7","65",",,7,0700"
"USC00304174","ITHACA CORNELL UNIVERSITY, NY US","42.44915","-76.44905","292.6","2021-06-08","0.28",",,7,0700","0.07",",,7,0700","0.0",",,7,0700","0.0",",,7,0700","87",",,7","65",",,7","69",",,7,0700"
"USC00304174","ITHACA CORNELL UNIVERSITY, NY US","42.44915","-76.44905","292.6","2021-06-09","0.21",",,7,0700","0.20",",,7,0700","0.0",",,7,0700","0.0",",,7,0700","83",",,7","66",",,7","69",",,7,0700"
"USC00304174","ITHACA CORNELL UNIVERSITY, NY US","42.44915","-76.44905","292.6","2021-06-10","0.17",",,7,0700","0.00",",,7,0700","0.0",",,7,0700","0.0",",,7,0700","80",",,7","54",",,7","57",",,7,0700"
"USC00304174","ITHACA CORNELL UNIVERSITY, NY US","42.44915","-76.44905","292.6","2021-06-11","0.28",",,7,0700","0.00",",,7,0700","0.0",",,7,0700","0.0",",,7,0700","81",",,7","54",",,7","62",",,7,0700"
"USC00304174","ITHACA CORNELL UNIVERSITY, NY US","42.44915","-76.44905","292.6","2021-06-12","0.30",",,7,0700","0.00",",,7,0700","0.0",",,7,0700","0.0",",,7,0700","76",",,7","60",",,7","62",",,7,0700"
"USC00304174","ITHACA CORNELL UNIVERSITY, NY US","42.44915","-76.44905","292.6","2021-06-13","0.20",",,7,0700","0.00",",,7,0700","0.0",",,7,0700","0.0",",,7,0700","78",",,7","56",",,7","59",",,7,0700"
"USC00304174","ITHACA CORNELL UNIVERSITY, NY US","42.44915","-76.44905","292.6","2021-06-14","0.27",",,7,0700","0.02",",,7,0700","0.0",",,7,0700","0.0",",,7,0700","82",",,7","59",",,7","68",",,7,0700"
"USC00304174","ITHACA CORNELL UNIVERSITY, NY US","42.44915","-76.44905","292.6","2021-06-15","0.21",",,7,0700","0.07",",,7,0700","0.0",",,7,0700","0.0",",,7,0700","77",",,7","53",",,7","57",",,7,0700"
"USC00304174","ITHACA CORNELL UNIVERSITY, NY US","42.44915","-76.44905","292.6","2021-06-16","0.05",",,7,0700","0.07",",,7,0700","0.0",",,7,0700","0.0",",,7,0700","66",",,7","44",",,7","54",",,7,0700"
"USC00304174","ITHACA CORNELL UNIVERSITY, NY US","42.44915","-76.44905","292.6","2021-06-17","0.29",",,7,0700","0.00",",,7,0700","0.0",",,7,0700","0.0",",,7,0700","67",",,7","39",",,7","49",",,7,0700"
"USC00304174","ITHACA CORNELL UNIVERSITY, NY US","42.44915","-76.44905","292.6","2021-06-18","0.32",",,7,0700","0.00",",,7,0700","0.0",",,7,0700","0.0",",,7,0700","73",",,7","45",",,7","60",",,7,0700"
"USC00304174","ITHACA CORNELL UNIVERSITY, NY US","42.44915","-76.44905","292.6","2021-06-19","0.15",",,7,0700","0.00",",,7,0700","0.0",",,7,0700","0.0",",,7,0700","79",",,7","60",",,7","65",",,7,0700"
"USC00304174","ITHACA CORNELL UNIVERSITY, NY US","42.44915","-76.44905","292.6","2021-06-20","0.21",",,7,0700","0.40",",,7,0700","0.0",",,7,0700","0.0",",,7,0700","81",",,7","56",",,7","60",",,7,0700"
"USC00304174","ITHACA CORNELL UNIVERSITY, NY US","42.44915","-76.44905","292.6","2021-06-21","0.27",",,7,0700","0.59",",,7,0700","0.0",",,7,0700","0.0",",,7,0700","83",",,7","60",",,7","72",",,7,0700"
"USC00304174","ITHACA CORNELL UNIVERSITY, NY US","42.44915","-76.44905","292.6","2021-06-22","0.22",",,7,0700","0.92",",,7,0700","0.0",",,7,0700","0.0",",,7,0700","86",",,7","54",",,7","54",",,7,0700"
"USC00304174","ITHACA CORNELL UNIVERSITY, NY US","42.44915","-76.44905","292.6","2021-06-23","0.06",",,7,0700","0.01",",,7,0700","0.0",",,7,0700","0.0",",,7,0700","60",",,7","41",",,7","50",",,7,0700"
"USC00304174","ITHACA CORNELL UNIVERSITY, NY US","42.44915","-76.44905","292.6","2021-06-24","0.30",",,7,0700","0.00",",,7,0700","0.0",",,7,0700","0.0",",,7,0700","72",",,7","50",",,7","60",",,7,0700"
"USC00304174","ITHACA CORNELL UNIVERSITY, NY US","42.44915","-76.44905","292.6","2021-06-25","0.31",",,7,0700","0.00",",,7,0700","0.0",",,7,0700","0.0",",,7,0700","76",",,7","56",",,7","60",",,7,0700"
"USC00304174","ITHACA CORNELL UNIVERSITY, NY US","42.44915","-76.44905","292.6","2021-06-26","0.32",",,7,0700","0.00",",,7,0700","0.0",",,7,0700","0.0",",,7,0700","80",",,7","60",",,7","68",",,7,0700"
"USC00304174","ITHACA CORNELL UNIVERSITY, NY US","42.44915","-76.44905","292.6","2021-06-27","0.23",",,7,0700","0.00",",,7,0700","0.0",",,7,0700","0.0",",,7,0700","83",",,7","68",",,7","72",",,7,0700"
"USC00304174","ITHACA CORNELL UNIVERSITY, NY US","42.44915","-76.44905","292.6","2021-06-28","0.30",",,7,0700","0.00",",,7,0700","0.0",",,7,0700","0.0",",,7,0700","89",",,7","71",",,7","77",",,7,0700"
"USC00304174","ITHACA CORNELL UNIVERSITY, NY US","42.44915","-76.44905","292.6","2021-06-29","0.23",",,7,0700","0.38",",,7,0700","0.0",",,7,0700","0.0",",,7,0700","91",",,7","66",",,7","70",",,7,0700"
"USC00304174","ITHACA CORNELL UNIVERSITY, NY US","42.44915","-76.44905","292.6","2021-06-30","0.29",",,7,0700","0.81",",,7,0700","0.0",",,7,0700","0.0",",,7,0700","93",",,7","67",",,7","73",",,7,0700"
"USC00304174","ITHACA CORNELL UNIVERSITY, NY US","42.44915","-76.44905","292.6","2021-07-01","0.28",",,7,0700","0.55",",,7,0700","0.0",",,7,0700","0.0",",,7,0700","87",",,7","65",",,7","66",",,7,0700"
"USC00304174","ITHACA CORNELL UNIVERSITY, NY US","42.44915","-76.44905","292.6","2021-07-02","0.08",",,7,0700","0.30",",,7,0700","0.0",",,7,0700","0.0",",,7,0700","74",",,7","59",",,7","59",",,7,0700"
"USC00304174","ITHACA CORNELL UNIVERSITY, NY US","42.44915","-76.44905","292.6","2021-07-03","0.17",",,7,0700","0.03",",,7,0700","0.0",",,7,0700","0.0",",,7,0700","72",",,7","59",",,7","59",",,7,0700"
"USC00304174","ITHACA CORNELL UNIVERSITY, NY US","42.44915","-76.44905","292.6","2021-07-04","0.10",",,7,0700","0.22",",,7,0700","0.0",",,7,0700","0.0",",,7,0700","69",",,7","52",",,7","55",",,7,0700"
"USC00304174","ITHACA CORNELL UNIVERSITY, NY US","42.44915","-76.44905","292.6","2021-07-05","0.26",",,7,0700","0.00",",,7,0700","0.0",",,7,0700","0.0",",,7,0700","75",",,7","50",",,7","53",",,7,0700"
"USC00304174","ITHACA CORNELL UNIVERSITY, NY US","42.44915","-76.44905","292.6","2021-07-06","0.24",",,7,0700","0.01",",,7,0700","0.0",",,7,0700","0.0",",,7,0700","85",",,7","53",",,7","76",",,7,0700"
"USC00304174","ITHACA CORNELL UNIVERSITY, NY US","42.44915","-76.44905","292.6","2021-07-07","0.15",",,7,0700","0.43",",,7,0700","0.0",",,7,0700","0.0",",,7,0700","86",",,7","63",",,7","70",",,7,0700"
"USC00304174","ITHACA CORNELL UNIVERSITY, NY US","42.44915","-76.44905","292.6","2021-07-08",,,"0.72",",,7,0700","0.0",",,7,0700","0.0",",,7,0700","85",",,7","63",",,7","65",",,7,0700"
"USC00304174","ITHACA CORNELL UNIVERSITY, NY US","42.44915","-76.44905","292.6","2021-07-09","0.14",",,7,0700","0.79",",,7,0700","0.0",",,7,0700","0.0",",,7,0700","78",",,7","65",",,7","69",",,7,0700"
"USC00304174","ITHACA CORNELL UNIVERSITY, NY US","42.44915","-76.44905","292.6","2021-07-10","0.21",",,7,0700","0.11",",,7,0700","0.0",",,7,0700","0.0",",,7,0700","80",",,7","62",",,7","62",",,7,0700"
"USC00304174","ITHACA CORNELL UNIVERSITY, NY US","42.44915","-76.44905","292.6","2021-07-11","0.17",",,7,0700","0.00",",,7,0700","0.0",",,7,0700","0.0",",,7,0700","74",",,7","55",",,7","58",",,7,0700"
"USC00304174","ITHACA CORNELL UNIVERSITY, NY US","42.44915","-76.44905","292.6","2021-07-12",,,"1.08",",,7,0700","0.0",",,7,0700","0.0",",,7,0700","71",",,7","58",",,7","62",",,7,0700"
"USC00304174","ITHACA CORNELL UNIVERSITY, NY US","42.44915","-76.44905","292.6","2021-07-13","0.10",",,7,0700","0.01",",,7,0700","0.0",",,7,0700","0.0",",,7,0700","77",",,7","62",",,7","73",",,7,0700"
"USC00304174","ITHACA CORNELL UNIVERSITY, NY US","42.44915","-76.44905","292.6","2021-07-14","0.25",",,7,0700","0.50",",,7,0700","0.0",",,7,0700","0.0",",,7,0700","86",",,7","65",",,7","67",",,7,0700"
"USC00304174","ITHACA CORNELL UNIVERSITY, NY US","42.44915","-76.44905","292.6","2021-07-15","0.12",",,7,0700","0.52",",,7,0700","0.0",",,7,0700","0.0",",,7,0700","80",",,7","61",",,7","65",",,7,0700"
"USC00304174","ITHACA CORNELL UNIVERSITY, NY US","42.44915","-76.44905","292.6","2021-07-16","0.28",",,7,0700","0.00",",,7,0700","0.0",",,7,0700","0.0",",,7,0700","86",",,7","65",",,7","73",",,7,0700"
"USC00304174","ITHACA CORNELL UNIVERSITY, NY US","42.44915","-76.44905","292.6","2021-07-17","0.14",",,7,0700","0.00","T,,7,0700","0.0",",,7,0700","0.0",",,7,0700","86",",,7","65",",,7","66",",,7,0700"
"USC00304174","ITHACA CORNELL UNIVERSITY, NY US","42.44915","-76.44905","292.6","2021-07-18","0.10",",,7,0700","0.57",",,7,0700","0.0",",,7,0700","0.0",",,7,0700","76",",,7","61",",,7","61",",,7,0700"
"USC00304174","ITHACA CORNELL UNIVERSITY, NY US","42.44915","-76.44905","292.6","2021-07-19","0.06",",,7,0700","0.01",",,7,0700","0.0",",,7,0700","0.0",",,7,0700","71",",,7","54",",,7","59",",,7,0700"
"USC00304174","ITHACA CORNELL UNIVERSITY, NY US","42.44915","-76.44905","292.6","2021-07-20","0.19",",,7,0700","0.00",",,7,0700","0.0",",,7,0700","0.0",",,7,0700","80",",,7","59",",,7","63",",,7,0700"
"USC00304174","ITHACA CORNELL UNIVERSITY, NY US","42.44915","-76.44905","292.6","2021-07-21","0.19",",,7,0700","0.23",",,7,0700","0.0",",,7,0700","0.0",",,7,0700","84",",,7","61",",,7","62",",,7,0700"
"USC00304174","ITHACA CORNELL UNIVERSITY, NY US","42.44915","-76.44905","292.6","2021-07-22","0.15",",,7,0700","0.00","T,,7,0700","0.0",",,7,0700","0.0",",,7,0700","70",",,7","50",",,7","54",",,7,0700"
"USC00304174","ITHACA CORNELL UNIVERSITY, NY US","42.44915","-76.44905","292.6","2021-07-23","0.22",",,7,0700","0.00",",,7,0700","0.0",",,7,0700","0.0",",,7,0700","72",",,7","51",",,7","53",",,7,0700"
"USC00304174","ITHACA CORNELL UNIVERSITY, NY US","42.44915","-76.44905","292.6","2021-07-24","0.26",",,7,0700","0.00",",,7,0700","0.0",",,7,0700","0.0",",,7,0700","76",",,7","49",",,7","53",",,7,0700"
"USC00304174","ITHACA CORNELL UNIVERSITY, NY US","42.44915","-76.44905","292.6","2021-07-25","0.21",",,7,0700","0.03",",,7,0700","0.0",",,7,0700","0.0",",,7,0700","80",",,7","53",",,7","68",",,7,0700"
"USC00304174","ITHACA CORNELL UNIVERSITY, NY US","42.44915","-76.44905","292.6","2021-07-26","0.20",",,7,0700","0.00",",,7,0700","0.0",",,7,0700","0.0",",,7,0700","84",",,7","56",",,7","59",",,7,0700"
"USC00304174","ITHACA CORNELL UNIVERSITY, NY US","42.44915","-76.44905","292.6","2021-07-27","0.22",",,7,0700","0.00",",,7,0700","0.0",",,7,0700","0.0",",,7,0700","83",",,7","58",",,7","62",",,7,0700"
"USC00304174","ITHACA CORNELL UNIVERSITY, NY US","42.44915","-76.44905","292.6","2021-07-28","0.22",",,7,0700","0.14",",,7,0700","0.0",",,7,0700","0.0",",,7,0700","86",",,7","59",",,7","60",",,7,0700"
"USC00304174","ITHACA CORNELL UNIVERSITY, NY US","42.44915","-76.44905","292.6","2021-07-29","0.22",",,7,0700","0.00",",,7,0700","0.0",",,7,0700","0.0",",,7,0700","75",",,7","52",",,7","57",",,7,0700"
"USC00304174","ITHACA CORNELL UNIVERSITY, NY US","42.44915","-76.44905","292.6","2021-07-30","0.06",",,7,0700","0.07",",,7,0700","0.0",",,7,0700","0.0",",,7,0700","76",",,7","57",",,7","64",",,7,0700"
"USC00304174","ITHACA CORNELL UNIVERSITY, NY US","42.44915","-76.44905","292.6","2021-07-31","0.23",",,7,0700","0.00",",,7,0700","0.0",",,7,0700","0.0",",,7,0700","70",",,7","46",",,7","48",",,7,0700"
"USC00304174","ITHACA CORNELL UNIVERSITY, NY US","42.44915","-76.44905","292.6","2021-08-01","0.21",",,7,0700","0.00",",,7,0700","0.0",",,7,0700","0.0",",,7,0700","71",",,7","48",",,7","58",",,7,0700"
"USC00304174","ITHACA CORNELL UNIVERSITY, NY US","42.44915","-76.44905","292.6","2021-08-02","0.12",",,7,0700","1.26",",,7,0700","0.0",",,7,0700","0.0",",,7,0700","73",",,7","56",",,7","58",",,7,0700"
"USC00304174","ITHACA CORNELL UNIVERSITY, NY US","42.44915","-76.44905","292.6","2021-08-03","0.25",",,7,0700","0.00",",,7,0700","0.0",",,7,0700","0.0",",,7,0700","71",",,7","45",",,7","48",",,7,0700"
"USC00304174","ITHACA CORNELL UNIVERSITY, NY US","42.44915","-76.44905","292.6","2021-08-04","0.21",",,7,0700","0.00",",,7,0700","0.0",",,7,0700","0.0",",,7,0700","77",",,7","48",",,7","51",",,7,0700"
"USC00304174","ITHACA CORNELL UNIVERSITY, NY US","42.44915","-76.44905","292.6","2021-08-05","0.19",",,7,0700","0.00",",,7,0700","0.0",",,7,0700","0.0",",,7,0700","79",",,7","51",",,7","53",",,7,0700"
"USC00304174","ITHACA CORNELL UNIVERSITY, NY US","42.44915","-76.44905","292.6","2021-08-06","0.20",",,7,0700","0.00",",,7,0700","0.0",",,7,0700","0.0",",,7,0700","80",",,7","53",",,7","57",",,7,0700"
"USC00304174","ITHACA CORNELL UNIVERSITY, NY US","42.44915","-76.44905","292.6","2021-08-07","0.25",",,7,0700","0.01",",,7,0700","0.0",",,7,0700","0.0",",,7,0700","85",",,7","57",",,7","66",",,7,0700"
"USC00304174","ITHACA CORNELL UNIVERSITY, NY US","42.44915","-76.44905","292.6","2021-08-08","0.20",",,7,0700","0.00","T,,7,0700","0.0",",,7,0700","0.0",",,7,0700","84",",,7","63",",,7","67",",,7,0700"
"USC00304174","ITHACA CORNELL UNIVERSITY, NY US","42.44915","-76.44905","292.6","2021-08-09","0.17",",,7,0700","0.35",",,7,0700","0.0",",,7,0700","0.0",",,7,0700","85",",,7","63",",,7","64",",,7,0700"
"USC00304174","ITHACA CORNELL UNIVERSITY, NY US","42.44915","-76.44905","292.6","2021-08-10","0.24",",,7,0700","0.00",",,7,0700","0.0",",,7,0700","0.0",",,7,0700","83",",,7","64",",,7","72",",,7,0700"
"USC00304174","ITHACA CORNELL UNIVERSITY, NY US","42.44915","-76.44905","292.6","2021-08-11","0.19",",,7,0700","0.02",",,7,0700","0.0",",,7,0700","0.0",",,7,0700","85",",,7","71",",,7","74",",,7,0700"
"USC00304174","ITHACA CORNELL UNIVERSITY, NY US","42.44915","-76.44905","292.6","2021-08-12","0.21",",,7,0700","0.00",",,7,0700","0.0",",,7,0700","0.0",",,7,0700","88",",,7","69",",,7","74",",,7,0700"
"USC00304174","ITHACA CORNELL UNIVERSITY, NY US","42.44915","-76.44905","292.6","2021-08-13","0.15",",,7,0700","0.00","T,,7,0700","0.0",",,7,0700","0.0",",,7,0700","87",",,7","68",",,7","71",",,7,0700"
"USC00304174","ITHACA CORNELL UNIVERSITY, NY US","42.44915","-76.44905","292.6","2021-08-14","0.22",",,7,0700","0.10",",,7,0700","0.0",",,7,0700","0.0",",,7,0700","88",",,7","64",",,7","65",",,7,0700"
"USC00304174","ITHACA CORNELL UNIVERSITY, NY US","42.44915","-76.44905","292.6","2021-08-15","0.23",",,7,0700","0.00",",,7,0700","0.0",",,7,0700","0.0",",,7,0700","77",",,7","49",",,7","50",",,7,0700"
"USC00304174","ITHACA CORNELL UNIVERSITY, NY US","42.44915","-76.44905","292.6","2021-08-16","0.20",",,7,0700","0.00",",,7,0700","0.0",",,7,0700","0.0",",,7,0700","74",",,7","48",",,7","51",",,7,0700"
"USC00304174","ITHACA CORNELL UNIVERSITY, NY US","42.44915","-76.44905","292.6","2021-08-17","0.08",",,7,0700","0.20",",,7,0700","0.0",",,7,0700","0.0",",,7,0700","76",",,7","51",",,7","68",",,7,0700"
"USC00304174","ITHACA CORNELL UNIVERSITY, NY US","42.44915","-76.44905","292.6","2021-08-18","0.16",",,7,0700","1.87",",,7,0700","0.0",",,7,0700","0.0",",,7,0700","79",",,7","68",",,7","68",",,7,0700"
"USC00304174","ITHACA CORNELL UNIVERSITY, NY US","42.44915","-76.44905","292.6","2021-08-19","0.05",",,7,0700","2.03",",,7,0700","0.0",",,7,0700","0.0",",,7,0700","75",",,7","68",",,7","69",",,7,0700"
"USC00304174","ITHACA CORNELL UNIVERSITY, NY US","42.44915","-76.44905","292.6","2021-08-20","0.10",",,7,0700","0.25",",,7,0700","0.0",",,7,0700","0.0",",,7,0700","77",",,7","63",",,7","64",",,7,0700"
"USC00304174","ITHACA CORNELL UNIVERSITY, NY US","42.44915","-76.44905","292.6","2021-08-21","0.09",",,7,0700","0.05",",,7,0700","0.0",",,7,0700","0.0",",,7,0700","79",",,7","64",",,7","67",",,7,0700"
"USC00304174","ITHACA CORNELL UNIVERSITY, NY US","42.44915","-76.44905","292.6","2021-08-22","0.07",",,7,0700","0.06",",,7,0700","0.0",",,7,0700","0.0",",,7,0700","81",",,7","65",",,7","67",",,7,0700"
"USC00304174","ITHACA CORNELL UNIVERSITY, NY US","42.44915","-76.44905","292.6","2021-08-23","0.17",",,7,0700","0.00",",,7,0700","0.0",",,7,0700","0.0",",,7,0700","83",",,7","67",",,7","71",",,7,0700"
"USC00304174","ITHACA CORNELL UNIVERSITY, NY US","42.44915","-76.44905","292.6","2021-08-24","0.15",",,7,0700","0.00",",,7,0700","0.0",",,7,0700","0.0",",,7,0700","82",",,7","62",",,7","64",",,7,0700"
"USC00304174","ITHACA CORNELL UNIVERSITY, NY US","42.44915","-76.44905","292.6","2021-08-25","0.26",",,7,0700","0.00",",,7,0700","0.0",",,7,0700","0.0",",,7,0700","84",",,7","62",",,7","66",",,7,0700"
"USC00304174","ITHACA CORNELL UNIVERSITY, NY US","42.44915","-76.44905","292.6","2021-08-26","0.16",",,7,0700","0.00",",,7,0700","0.0",",,7,0700","0.0",",,7,0700","89",",,7","66",",,7","69",",,7,0700"
"USC00304174","ITHACA CORNELL UNIVERSITY, NY US","42.44915","-76.44905","292.6","2021-08-27","0.13",",,7,0700","0.00",",,7,0700","0.0",",,7,0700","0.0",",,7,0700","85",",,7","66",",,7","67",",,7,0700"
"USC00304174","ITHACA CORNELL UNIVERSITY, NY US","42.44915","-76.44905","292.6","2021-08-28","0.14",",,7,0700","0.00",",,7,0700","0.0",",,7,0700","0.0",",,7,0700","82",",,7","66",",,7","68",",,7,0700"
"USC00304174","ITHACA CORNELL UNIVERSITY, NY US","42.44915","-76.44905","292.6","2021-08-29","0.17",",,7,0700","0.00",",,7,0700","0.0",",,7,0700","0.0",",,7,0700","79",",,7","68",",,7","68",",,7,0700"
"USC00304174","ITHACA CORNELL UNIVERSITY, NY US","42.44915","-76.44905","292.6","2021-08-30","0.13",",,7,0700","0.00",",,7,0700","0.0",",,7,0700","0.0",",,7,0700","83",",,7","68",",,7","71",",,7,0700"
"USC00304174","ITHACA CORNELL UNIVERSITY, NY US","42.44915","-76.44905","292.6","2021-08-31","0.19",",,7,0700","0.04",",,7,0700","0.0",",,7,0700","0.0",",,7,0700","83",",,7","58",",,7","59",",,7,0700"
"USC00304174","ITHACA CORNELL UNIVERSITY, NY US","42.44915","-76.44905","292.6","2021-09-01","0.13",",,7,0700","0.00",",,7,0700","0.0",",,7,0700","0.0",",,7,0700","83",",,7","58",",,7","62",",,7,0700"
"USC00304174","ITHACA CORNELL UNIVERSITY, NY US","42.44915","-76.44905","292.6","2021-09-02","0.03",",,7,0700","0.35",",,7,0700","0.0",",,7,0700","0.0",",,7,0700","66",",,7","45",",,7","50",",,7,0700"
"USC00304174","ITHACA CORNELL UNIVERSITY, NY US","42.44915","-76.44905","292.6","2021-09-03","0.14",",,7,0700","0.00",",,7,0700","0.0",",,7,0700","0.0",",,7,0700","67",",,7","50",",,7","58",",,7,0700"
"USC00304174","ITHACA CORNELL UNIVERSITY, NY US","42.44915","-76.44905","292.6","2021-09-04","0.11",",,7,0700","0.00",",,7,0700","0.0",",,7,0700","0.0",",,7,0700","67",",,7","46",",,7","47",",,7,0700"
"USC00304174","ITHACA CORNELL UNIVERSITY, NY US","42.44915","-76.44905","292.6","2021-09-05","0.16",",,7,0700","0.05",",,7,0700","0.0",",,7,0700","0.0",",,7,0700","75",",,7","47",",,7","60",",,7,0700"
"USC00304174","ITHACA CORNELL UNIVERSITY, NY US","42.44915","-76.44905","292.6","2021-09-06","0.05",",,7,0700","0.39",",,7,0700","0.0",",,7,0700","0.0",",,7,0700","70",",,7","54",",,7","55",",,7,0700"
"USC00304174","ITHACA CORNELL UNIVERSITY, NY US","42.44915","-76.44905","292.6","2021-09-07","0.17",",,7,0700","0.06",",,7,0700","0.0",",,7,0700","0.0",",,7,0700","72",",,7","49",",,7","51",",,7,0700"
"USC00304174","ITHACA CORNELL UNIVERSITY, NY US","42.44915","-76.44905","292.6","2021-09-08","0.18",",,7,0700","0.00",",,7,0700","0.0",",,7,0700","0.0",",,7,0700","76",",,7","51",",,7","65",",,7,0700"
"USC00304174","ITHACA CORNELL UNIVERSITY, NY US","42.44915","-76.44905","292.6","2021-09-09","0.08",",,7,0700","0.91",",,7,0700","0.0",",,7,0700","0.0",",,7,0700","76",",,7","55",",,7","55",",,7,0700"
"USC00304174","ITHACA CORNELL UNIVERSITY, NY US","42.44915","-76.44905","292.6","2021-09-10","0.11",",,7,0700","0.02",",,7,0700","0.0",",,7,0700","0.0",",,7,0700","76",",,7","53",",,7","55",",,7,0700"
"USC00304174","ITHACA CORNELL UNIVERSITY, NY US","42.44915","-76.44905","292.6","2021-09-11","0.21",",,7,0700","0.00",",,7,0700","0.0",",,7,0700","0.0",",,7,0700","69",",,7","48",",,7","50",",,7,0700"
"USC00304174","ITHACA CORNELL UNIVERSITY, NY US","42.44915","-76.44905","292.6","2021-09-12","0.17",",,7,0700","0.00",",,7,0700","0.0",",,7,0700","0.0",",,7,0700","75",",,7","50",",,7","65",",,7,0700"
"USC00304174","ITHACA CORNELL UNIVERSITY, NY US","42.44915","-76.44905","292.6","2021-09-13","0.11",",,7,0700","0.35",",,7,0700","0.0",",,7,0700","0.0",",,7,0700","78",",,7","60",",,7","62",",,7,0700"
"USC00304174","ITHACA CORNELL UNIVERSITY, NY US","42.44915","-76.44905","292.6","2021-09-14","0.16",",,7,0700","0.34",",,7,0700","0.0",",,7,0700","0.0",",,7,0700","75",",,7","58",",,7","61",",,7,0700"
"USC00304174","ITHACA CORNELL UNIVERSITY, NY US","42.44915","-76.44905","292.6","2021-09-15","0.16",",,7,0700","0.00",",,7,0700","0.0",",,7,0700","0.0",",,7,0700","82",",,7","61",",,7","69",",,7,0700"
"USC00304174","ITHACA CORNELL UNIVERSITY, NY US","42.44915","-76.44905","292.6","2021-09-16","0.04",",,7,0700","0.78",",,7,0700","0.0",",,7,0700","0.0",",,7,0700","75",",,7","55",",,7","57",",,7,0700"
"USC00304174","ITHACA CORNELL UNIVERSITY, NY US","42.44915","-76.44905","292.6","2021-09-17","0.14",",,7,0700","0.00","T,,7,0700","0.0",",,7,0700","0.0",",,7,0700","75",",,7","57",",,7","65",",,7,0700"
"USC00304174","ITHACA CORNELL UNIVERSITY, NY US","42.44915","-76.44905","292.6","2021-09-18","0.14",",,7,0700","0.15",",,7,0700","0.0",",,7,0700","0.0",",,7,0700","76",",,7","64",",,7","64",",,7,0700"
"USC00304174","ITHACA CORNELL UNIVERSITY, NY US","42.44915","-76.44905","292.6","2021-09-19","0.16",",,7,0700","0.00","T,,7,0700","0.0",",,7,0700","0.0",",,7,0700","76",",,7","50",",,7","52",",,7,0700"
"USC00304174","ITHACA CORNELL UNIVERSITY, NY US","42.44915","-76.44905","292.6","2021-09-20","0.18",",,7,0700","0.00",",,7,0700","0.0",",,7,0700","0.0",",,7,0700","69",",,7","45",",,7","46",",,7,0700"
"USC00304174","ITHACA CORNELL UNIVERSITY, NY US","42.44915","-76.44905","292.6","2021-09-21","0.19",",,7,0700","0.00",",,7,0700","0.0",",,7,0700","0.0",",,7,0700","76",",,7","46",",,7","58",",,7,0700"
"USC00304174","ITHACA CORNELL UNIVERSITY, NY US","42.44915","-76.44905","292.6","2021-09-22","0.12",",,7,0700","0.00",",,7,0700","0.0",",,7,0700","0.0",",,7,0700","73",",,7","58",",,7","65",",,7,0700"
"USC00304174","ITHACA CORNELL UNIVERSITY, NY US","42.44915","-76.44905","292.6","2021-09-23","0.08",",,7,0700","0.03",",,7,0700","0.0",",,7,0700","0.0",",,7,0700","75",",,7","65",",,7","69",",,7,0700"
"USC00304174","ITHACA CORNELL UNIVERSITY, NY US","42.44915","-76.44905","292.6","2021-09-24",,,"1.49",",,7,0700","0.0",",,7,0700","0.0",",,7,0700","69",",,7","48",",,7","49",",,7,0700"
"USC00304174","ITHACA CORNELL UNIVERSITY, NY US","42.44915","-76.44905","292.6","2021-09-25","0.11",",,7,0700","0.00",",,7,0700","0.0",",,7,0700","0.0",",,7,0700","66",",,7","44",",,7","44",",,7,0700"
"USC00304174","ITHACA CORNELL UNIVERSITY, NY US","42.44915","-76.44905","292.6","2021-09-26","0.16",",,7,0700","0.11",",,7,0700","0.0",",,7,0700","0.0",",,7,0700","72",",,7","44",",,7","46",",,7,0700"
"USC00304174","ITHACA CORNELL UNIVERSITY, NY US","42.44915","-76.44905","292.6","2021-09-27","0.11",",,7,0700","0.06",",,7,0700","0.0",",,7,0700","0.0",",,7,0700","68",",,7","46",",,7","56",",,7,0700"
"USC00304174","ITHACA CORNELL UNIVERSITY, NY US","42.44915","-76.44905","292.6","2021-09-28","0.10",",,7,0700","0.06",",,7,0700","0.0",",,7,0700","0.0",",,7,0700","76",",,7","54",",,7","60",",,7,0700"
"USC00304174","ITHACA CORNELL UNIVERSITY, NY US","42.44915","-76.44905","292.6","2021-09-29","0.13",",,7,0700","0.08",",,7,0700","0.0",",,7,0700","0.0",",,7,0700","76",",,7","43",",,7","44",",,7,0700"
"USC00304174","ITHACA CORNELL UNIVERSITY, NY US","42.44915","-76.44905","292.6","2021-09-30","0.07",",,7,0700","0.00",",,7,0700","0.0",",,7,0700","0.0",",,7,0700","62",",,7","44",",,7","49",",,7,0700"
"USC00304174","ITHACA CORNELL UNIVERSITY, NY US","42.44915","-76.44905","292.6","2021-10-01","0.12",",,7,0700","0.00",",,7,0700","0.0",",,7,0700","0.0",",,7,0700","60",",,7","37",",,7","38",",,7,0700"
"USC00304174","ITHACA CORNELL UNIVERSITY, NY US","42.44915","-76.44905","292.6","2021-10-02","0.09",",,7,0700","0.00",",,7,0700","0.0",",,7,0700","0.0",",,7,0700","63",",,7","38",",,7","46",",,7,0700"
"USC00304174","ITHACA CORNELL UNIVERSITY, NY US","42.44915","-76.44905","292.6","2021-10-03","0.11",",,7,0700","0.00",",,7,0700","0.0",",,7,0700","0.0",",,7,0700","75",",,7","44",",,7","56",",,7,0700"
"USC00304174","ITHACA CORNELL UNIVERSITY, NY US","42.44915","-76.44905","292.6","2021-10-04","0.02",",,7,0700","0.86",",,7,0700","0.0",",,7,0700","0.0",",,7,0700","64",",,7","56",",,7","63",",,7,0700"
"USC00304174","ITHACA CORNELL UNIVERSITY, NY US","42.44915","-76.44905","292.6","2021-10-05","0.04",",,7,0700","0.45",",,7,0700","0.0",",,7,0700","0.0",",,7,0700","71",",,7","60",",,7","60",",,7,0700"
"USC00304174","ITHACA CORNELL UNIVERSITY, NY US","42.44915","-76.44905","292.6","2021-10-06","0.08",",,7,0700","0.02",",,7,0700","0.0",",,7,0700","0.0",",,7,0700","64",",,7","58",",,7","58",",,7,0700"
"USC00304174","ITHACA CORNELL UNIVERSITY, NY US","42.44915","-76.44905","292.6","2021-10-07","0.06",",,7,0700","0.01",",,7,0700","0.0",",,7,0700","0.0",",,7,0700","68",",,7","54",",,7","58",",,7,0700"
"USC00304174","ITHACA CORNELL UNIVERSITY, NY US","42.44915","-76.44905","292.6","2021-10-08","0.11",",,7,0700","0.00",",,7,0700","0.0",",,7,0700","0.0",",,7,0700","74",",,7","51",",,7","55",",,7,0700"
"USC00304174","ITHACA CORNELL UNIVERSITY, NY US","42.44915","-76.44905","292.6","2021-10-09","0.09",",,7,0700","0.01",",,7,0700","0.0",",,7,0700","0.0",",,7,0700","72",",,7","53",",,7","61",",,7,0700"
"USC00304174","ITHACA CORNELL UNIVERSITY, NY US","42.44915","-76.44905","292.6","2021-10-10","0.07",",,7,0700","0.00",",,7,0700","0.0",",,7,0700","0.0",",,7,0700","64",",,7","57",",,7","58",",,7,0700"
"USC00304174","ITHACA CORNELL UNIVERSITY, NY US","42.44915","-76.44905","292.6","2021-10-11","0.14",",,7,0700","0.00",",,7,0700","0.0",",,7,0700","0.0",",,7,0700","68",",,7","54",",,7","56",",,7,0700"
"USC00304174","ITHACA CORNELL UNIVERSITY, NY US","42.44915","-76.44905","292.6","2021-10-12","0.10",",,7,0700","0.00",",,7,0700","0.0",",,7,0700","0.0",",,7,0700","71",",,7","55",",,7","61",",,7,0700"
"USC00304174","ITHACA CORNELL UNIVERSITY, NY US","42.44915","-76.44905","292.6","2021-10-13","0.12",",,7,0700","0.00",",,7,0700","0.0",",,7,0700","0.0",",,7,0700","70",",,7","60",",,7","61",",,7,0700"
"USC00304174","ITHACA CORNELL UNIVERSITY, NY US","42.44915","-76.44905","292.6","2021-10-14","0.06",",,7,0700","0.00",",,7,0700","0.0",",,7,0700","0.0",",,7,0700","72",",,7","51",",,7","51",",,7,0700"
"USC00304174","ITHACA CORNELL UNIVERSITY, NY US","42.44915","-76.44905","292.6","2021-10-15","0.13",",,7,0700","0.00",",,7,0700","0.0",",,7,0700","0.0",",,7,0700","75",",,7","51",",,7","61",",,7,0700"
"USC00304174","ITHACA CORNELL UNIVERSITY, NY US","42.44915","-76.44905","292.6","2021-10-16","0.07",",,7,0700","0.00",",,7,0700","0.0",",,7,0700","0.0",",,7,0700","79",",,7","61",",,7","69",",,7,0700"
"USC00304174","ITHACA CORNELL UNIVERSITY, NY US","42.44915","-76.44905","292.6","2021-10-17","0.02",",,7,0700","0.97",",,7,0700","0.0",",,7,0700","0.0",",,7,0700","69",",,7","44",",,7","45",",,7,0700"
"USC00304174","ITHACA CORNELL UNIVERSITY, NY US","42.44915","-76.44905","292.6","2021-10-18","0.11",",,7,0700","0.09",",,7,0700","0.0",",,7,0700","0.0",",,7,0700","56",",,7","44",",,7","46",",,7,0700"
"USC00304174","ITHACA CORNELL UNIVERSITY, NY US","42.44915","-76.44905","292.6","2021-10-19","0.06",",,7,0700","0.08",",,7,0700","0.0",",,7,0700","0.0",",,7,0700","49",",,7","42",",,7","44",",,7,0700"
"USC00304174","ITHACA CORNELL UNIVERSITY, NY US","42.44915","-76.44905","292.6","2021-10-20","0.10",",,7,0700","0.00",",,7,0700","0.0",",,7,0700","0.0",",,7,0700","65",",,7","42",",,7","44",",,7,0700"
"USC00304174","ITHACA CORNELL UNIVERSITY, NY US","42.44915","-76.44905","292.6","2021-10-21","0.09",",,7,0700","0.00","T,,7,0700","0.0",",,7,0700","0.0",",,7,0700","71",",,7","42",",,7","51",",,7,0700"
"USC00304174","ITHACA CORNELL UNIVERSITY, NY US","42.44915","-76.44905","292.6","2021-10-22","0.07",",,7,0700","0.56",",,7,0700","0.0",",,7,0700","0.0",",,7,0700","71",",,7","49",",,7","49",",,7,0700"
"USC00304174","ITHACA CORNELL UNIVERSITY, NY US","42.44915","-76.44905","292.6","2021-10-23","0.02",",,7,0700","0.00",",,7,0700","0.0",",,7,0700","0.0",",,7,0700","51",",,7","33",",,7","40",",,7,0700"
"USC00304174","ITHACA CORNELL UNIVERSITY, NY US","42.44915","-76.44905","292.6","2021-10-24","0.02",",,7,0700","0.04",",,7,0700","0.0",",,7,0700","0.0",",,7,0700","50",",,7","38",",,7","38",",,7,0700"
"USC00304174","ITHACA CORNELL UNIVERSITY, NY US","42.44915","-76.44905","292.6","2021-10-25","0.05",",,7,0700","0.31",",,7,0700","0.0",",,7,0700","0.0",",,7,0700","53",",,7","38",",,7","52",",,7,0700"
"USC00304174","ITHACA CORNELL UNIVERSITY, NY US","42.44915","-76.44905","292.6","2021-10-26",,,"0.79",",,7,0700","0.0",",,7,0700","0.0",",,7,0700","70",",,7","51",",,7","52",",,7,0700"
"USC00304174","ITHACA CORNELL UNIVERSITY, NY US","42.44915","-76.44905","292.6","2021-10-27",,,"2.21",",,7,0700","0.0",",,7,0700","0.0",",,7,0700","53",",,7","45",",,7","45",",,7,0700"
"USC00304174","ITHACA CORNELL UNIVERSITY, NY US","42.44915","-76.44905","292.6","2021-10-28",,,"0.00",",,7,0700","0.0",",,7,0700","0.0",",,7,0700","53",",,7","32",",,7","33",",,7,0700"
"USC00304174","ITHACA CORNELL UNIVERSITY, NY US","42.44915","-76.44905","292.6","2021-10-29",,,"0.00",",,7,0700","0.0",",,7,0700","0.0",",,7,0700","62",",,7","32",",,7","47",",,7,0700"
"USC00304174","ITHACA CORNELL UNIVERSITY, NY US","42.44915","-76.44905","292.6","2021-10-30",,,"0.82",",,7,0700","0.0",",,7,0700","0.0",",,7,0700","56",",,7","44",",,7","45",",,7,0700"
"USC00304174","ITHACA CORNELL UNIVERSITY, NY US","42.44915","-76.44905","292.6","2021-10-31",,,"0.13",",,7,0700","0.0",",,7,0700","0.0",",,7,0700","54",",,7","43",",,7","47",",,7,0700"
"USC00304174","ITHACA CORNELL UNIVERSITY, NY US","42.44915","-76.44905","292.6","2021-11-01",,,"0.07",",,7,0700","0.0",",,7,0700","0.0",",,7,0700","53",",,7","41",",,7","42",",,7,0700"
"USC00304174","ITHACA CORNELL UNIVERSITY, NY US","42.44915","-76.44905","292.6","2021-11-02",,,"0.01",",,7,0700","0.0",",,7,0700","0.0",",,7,0700","52",",,7","36",",,7","36",",,7,0700"
"USC00304174","ITHACA CORNELL UNIVERSITY, NY US","42.44915","-76.44905","292.6","2021-11-03",,,"0.02",",,7,0700","0.0",",,7,0700","0.0",",,7,0700","45",",,7","32",",,7","34",",,7,0700"
"USC00304174","ITHACA CORNELL UNIVERSITY, NY US","42.44915","-76.44905","292.6","2021-11-04",,,"0.00","T,,7,0700","0.0",",,7,0700","0.0",",,7,0700","44",",,7","28",",,7","29",",,7,0700"
"USC00304174","ITHACA CORNELL UNIVERSITY, NY US","42.44915","-76.44905","292.6","2021-11-05",,,"0.00",",,7,0700","0.0",",,7,0700","0.0",",,7,0700","45",",,7","23",",,7","23",",,7,0700"
"USC00304174","ITHACA CORNELL UNIVERSITY, NY US","42.44915","-76.44905","292.6","2021-11-06",,,"0.00",",,7,0700","0.0",",,7,0700","0.0",",,7,0700","45",",,7","23",",,7","23",",,7,0700"
"USC00304174","ITHACA CORNELL UNIVERSITY, NY US","42.44915","-76.44905","292.6","2021-11-07",,,"0.00",",,7,0700","0.0",",,7,0700","0.0",",,7,0700","50",",,7","23",",,7","25",",,7,0700"
"USC00304174","ITHACA CORNELL UNIVERSITY, NY US","42.44915","-76.44905","292.6","2021-11-08",,,"0.00",",,7,0700","0.0",",,7,0700","0.0",",,7,0700","59",",,7","25",",,7","31",",,7,0700"
"USC00304174","ITHACA CORNELL UNIVERSITY, NY US","42.44915","-76.44905","292.6","2021-11-09",,,"0.00",",,7,0700","0.0",",,7,0700","0.0",",,7,0700","65",",,7","31",",,7","36",",,7,0700"
"USC00304174","ITHACA CORNELL UNIVERSITY, NY US","42.44915","-76.44905","292.6","2021-11-10",,,"0.02",",,7,0700","0.0",",,7,0700","0.0",",,7,0700","62",",,7","35",",,7","47",",,7,0700"
"USC00304174","ITHACA CORNELL UNIVERSITY, NY US","42.44915","-76.44905","292.6","2021-11-11",,,"0.00",",,7,0700","0.0",",,7,0700","0.0",",,7,0700","53",",,7","29",",,7","32",",,7,0700"
"USC00304174","ITHACA CORNELL UNIVERSITY, NY US","42.44915","-76.44905","292.6","2021-11-12",,,"1.06",",,7,0700","0.0",",,7,0700","0.0",",,7,0700","58",",,7","32",",,7","53",",,7,0700"
"USC00304174","ITHACA CORNELL UNIVERSITY, NY US","42.44915","-76.44905","292.6","2021-11-13",,,"0.21",",,7,0700","0.0",",,7,0700","0.0",",,7,0700","55",",,7","38",",,7","42",",,7,0700"
"USC00304174","ITHACA CORNELL UNIVERSITY, NY US","42.44915","-76.44905","292.6","2021-11-14",,,"0.11",",,7,0700","0.0",",,7,0700","0.0",",,7,0700","46",",,7","33",",,7","35",",,7,0700"
"USC00304174","ITHACA CORNELL UNIVERSITY, NY US","42.44915","-76.44905","292.6","2021-11-15",,,"0.10",",,7,0700","0.0","T,,7,0700","0.0","T,,7,0700","42",",,7","33",",,7","35",",,7,0700"
"USC00304174","ITHACA CORNELL UNIVERSITY, NY US","42.44915","-76.44905","292.6","2021-11-16",,,"0.10",",,7,0700","0.4",",,7,0700","0.0","T,,7,0700","41",",,7","31",",,7","33",",,7,0700"
"USC00304174","ITHACA CORNELL UNIVERSITY, NY US","42.44915","-76.44905","292.6","2021-11-17",,,"0.00",",,7,0700","0.0",",,7,0700","0.0",",,7,0700","44",",,7","25",",,7","34",",,7,0700"
"USC00304174","ITHACA CORNELL UNIVERSITY, NY US","42.44915","-76.44905","292.6","2021-11-18",,,"0.00",",,7,0700","0.0",",,7,0700","0.0",",,7,0700","53",",,7","34",",,7","52",",,7,0700"
"USC00304174","ITHACA CORNELL UNIVERSITY, NY US","42.44915","-76.44905","292.6","2021-11-19",,,"0.22",",,7,0700","0.0",",,7,0700","0.0",",,7,0700","57",",,7","32",",,7","33",",,7,0700"
"USC00304174","ITHACA CORNELL UNIVERSITY, NY US","42.44915","-76.44905","292.6","2021-11-20",,,"0.00","T,,7,0700","0.0","T,,7,0700","0.0","T,,7,0700","41",",,7","21",",,7","25",",,7,0700"
"USC00304174","ITHACA CORNELL UNIVERSITY, NY US","42.44915","-76.44905","292.6","2021-11-21",,,"0.00",",,7,0700","0.0",",,7,0700","0.0",",,7,0700","41",",,7","25",",,7","35",",,7,0700"
"USC00304174","ITHACA CORNELL UNIVERSITY, NY US","42.44915","-76.44905","292.6","2021-11-22",,,"0.03",",,7,0700","0.0","T,,7,0700","0.0","T,,7,0700","46",",,7","35",",,7","37",",,7,0700"
"USC00304174","ITHACA CORNELL UNIVERSITY, NY US","42.44915","-76.44905","292.6","2021-11-23",,,"0.07",",,7,0700","0.7",",,7,0700","1.0",",,7,0700","37",",,7","27",",,7","28",",,7,0700"
"USC00304174","ITHACA CORNELL UNIVERSITY, NY US","42.44915","-76.44905","292.6","2021-11-24",,,"0.01",",,7,0700","0.0","T,,7,0700","0.0","T,,7,0700","32",",,7","16",",,7","16",",,7,0700"
"USC00304174","ITHACA CORNELL UNIVERSITY, NY US","42.44915","-76.44905","292.6","2021-11-25",,,"0.00","T,,7,0700","0.0",",,7,0700","0.0",",,7,0700","43",",,7","16",",,7","35",",,7,0700"
"USC00304174","ITHACA CORNELL UNIVERSITY, NY US","42.44915","-76.44905","292.6","2021-11-26",,,"0.42",",,7,0700","0.0","T,,7,0700","0.0","T,,7,0700","44",",,7","32",",,7","33",",,7,0700"
"USC00304174","ITHACA CORNELL UNIVERSITY, NY US","42.44915","-76.44905","292.6","2021-11-27",,,"0.08",",,7,0700","0.6",",,7,0700","1.0",",,7,0700","34",",,7","27",",,7","27",",,7,0700"
"USC00304174","ITHACA CORNELL UNIVERSITY, NY US","42.44915","-76.44905","292.6","2021-11-28",,,"0.05",",,7,0700","0.5",",,7,0700","1.0",",,7,0700","30",",,7","26",",,7","26",",,7,0700"
"USC00304174","ITHACA CORNELL UNIVERSITY, NY US","42.44915","-76.44905","292.6","2021-11-29",,,"0.11",",,7,0700","1.5",",,7,0700","2.0",",,7,0700","33",",,7","26",",,7","28",",,7,0700"
"USC00304174","ITHACA CORNELL UNIVERSITY, NY US","42.44915","-76.44905","292.6","2021-11-30",,,"0.00",",,7,0700","0.0",",,7,0700","1.0",",,7,0700","32",",,7","20",",,7","29",",,7,0700"
"USC00304174","ITHACA CORNELL UNIVERSITY, NY US","42.44915","-76.44905","292.6","2021-12-01",,,"0.01",",,7,0700","0.0","T,,7,0700","0.0","T,,7,0700","36",",,7","29",",,7","34",",,7,0700"
"USC00304174","ITHACA CORNELL UNIVERSITY, NY US","42.44915","-76.44905","292.6","2021-12-02",,,"0.05",",,7,0700","0.0",",,7,0700","0.0",",,7,0700","41",",,7","34",",,7","41",",,7,0700"
"USC00304174","ITHACA CORNELL UNIVERSITY, NY US","42.44915","-76.44905","292.6","2021-12-03",,,"0.03",",,7,0700","0.0",",,7,0700","0.0",",,7,0700","52",",,7","32",",,7","33",",,7,0700"
"USC00304174","ITHACA CORNELL UNIVERSITY, NY US","42.44915","-76.44905","292.6","2021-12-04",,,"0.00","T,,7,0700","0.0",",,7,0700","0.0",",,7,0700","35",",,7","29",",,7","30",",,7,0700"
"USC00304174","ITHACA CORNELL UNIVERSITY, NY US","42.44915","-76.44905","292.6","2021-12-05",,,"0.00",",,7,0700","0.0",",,7,0700","0.0",",,7,0700","45",",,7","26",",,7","26",",,7,0700"
"USC00304174","ITHACA CORNELL UNIVERSITY, NY US","42.44915","-76.44905","292.6","2021-12-06",,,"0.00","T,,7,0700","0.0",",,7,0700","0.0",",,7,0700","47",",,7","26",",,7","47",",,7,0700"
"USC00304174","ITHACA CORNELL UNIVERSITY, NY US","42.44915","-76.44905","292.6","2021-12-07",,,"0.12",",,7,0700","0.0",",,7,0700","0.0",",,7,0700","50",",,7","29",",,7","29",",,7,0700"
"USC00304174","ITHACA CORNELL UNIVERSITY, NY US","42.44915","-76.44905","292.6","2021-12-08",,,"0.02",",,7,0700","0.0","T,,7,0700","0.0","T,,7,0700","31",",,7","26",",,7","26",",,7,0700"
"USC00304174","ITHACA CORNELL UNIVERSITY, NY US","42.44915","-76.44905","292.6","2021-12-09",,,"0.11",",,7,0700","1.0",",,7,0700","1.0",",,7,0700","32",",,7","15",",,7","16",",,7,0700"
"USC00304174","ITHACA CORNELL UNIVERSITY, NY US","42.44915","-76.44905","292.6","2021-12-10",,,"0.00",",,7,0700","0.0",",,7,0700","1.0",",,7,0700","34",",,7","16",",,7","34",",,7,0700"
"USC00304174","ITHACA CORNELL UNIVERSITY, NY US","42.44915","-76.44905","292.6","2021-12-11",,,"0.24",",,7,0700","0.0",",,7,0700","0.0",",,7,0700","43",",,7","34",",,7","43",",,7,0700"
"USC00304174","ITHACA CORNELL UNIVERSITY, NY US","42.44915","-76.44905","292.6","2021-12-12",,,"0.02",",,7,0700","0.0",",,7,0700","0.0",",,7,0700","58",",,7","31",",,7","31",",,7,0700"
"USC00304174","ITHACA CORNELL UNIVERSITY, NY US","42.44915","-76.44905","292.6","2021-12-13",,,"0.00",",,7,0700","0.0",",,7,0700","0.0",",,7,0700","43",",,7","31",",,7","39",",,7,0700"
"USC00304174","ITHACA CORNELL UNIVERSITY, NY US","42.44915","-76.44905","292.6","2021-12-14",,,"0.00",",,7,0700","0.0",",,7,0700","0.0",",,7,0700","52",",,7","24",",,7","34",",,7,0700"
"USC00304174","ITHACA CORNELL UNIVERSITY, NY US","42.44915","-76.44905","292.6","2021-12-15",,,"0.00",",,7,0700","0.0",",,7,0700","0.0",",,7,0700","44",",,7","25",",,7","37",",,7,0700"
"USC00304174","ITHACA CORNELL UNIVERSITY, NY US","42.44915","-76.44905","292.6","2021-12-16",,,"0.24",",,7,0700","0.0",",,7,0700","0.0",",,7,0700","49",",,7","36",",,7","49",",,7,0700"
"USC00304174","ITHACA CORNELL UNIVERSITY, NY US","42.44915","-76.44905","292.6","2021-12-17",,,"0.00",",,7,0700","0.0",",,7,0700","0.0",",,7,0700","62",",,7","33",",,7","38",",,7,0700"
"USC00304174","ITHACA CORNELL UNIVERSITY, NY US","42.44915","-76.44905","292.6","2021-12-18",,,"0.01",",,7,0700","0.0","T,,7,0700","0.0","T,,7,0700","48",",,7","31",",,7","32",",,7,0700"
"USC00304174","ITHACA CORNELL UNIVERSITY, NY US","42.44915","-76.44905","292.6","2021-12-19",,,"0.52",",,7,0700","0.4",",,7,0700","0.0","T,,7,0700","38",",,7","25",",,7","25",",,7,0700"
"USC00304174","ITHACA CORNELL UNIVERSITY, NY US","42.44915","-76.44905","292.6","2021-12-20",,,"0.07",",,7,0700","0.5",",,7,0700","1.0",",,7,0700","26",",,7","14",",,7","16",",,7,0700"
"USC00304174","ITHACA CORNELL UNIVERSITY, NY US","42.44915","-76.44905","292.6","2021-12-21",,,"0.00",",,7,0700","0.0",",,7,0700","1.0",",,7,0700","33",",,7","16",",,7","31",",,7,0700"
"USC00304174","ITHACA CORNELL UNIVERSITY, NY US","42.44915","-76.44905","292.6","2021-12-22",,,"0.00",",,7,0700","0.0",",,7,0700","0.0","T,,7,0700","39",",,7","26",",,7","33",",,7,0700"
"USC00304174","ITHACA CORNELL UNIVERSITY, NY US","42.44915","-76.44905","292.6","2021-12-23",,,"0.04",",,7,0700","0.5",",,7,0700","1.0",",,7,0700","33",",,7","23",",,7","23",",,7,0700"
"USC00304174","ITHACA CORNELL UNIVERSITY, NY US","42.44915","-76.44905","292.6","2021-12-24",,,"0.06",",,7,0700","0.5",",,7,0700","1.0",",,7,0700","28",",,7","23",",,7","28",",,7,0700"
"USC00304174","ITHACA CORNELL UNIVERSITY, NY US","42.44915","-76.44905","292.6","2021-12-25",,,"0.13",",,7,0700","0.0",",,7,0700","0.0",",,7,0700","38",",,7","28",",,7","37",",,7,0700"
"USC00304174","ITHACA CORNELL UNIVERSITY, NY US","42.44915","-76.44905","292.6","2021-12-26",,,"0.33",",,7,0700","0.0",",,7,0700","0.0",",,7,0700","45",",,7","35",",,7","35",",,7,0700"
"USC00304174","ITHACA CORNELL UNIVERSITY, NY US","42.44915","-76.44905","292.6","2021-12-27",,,"0.00",",,7,0700","0.0",",,7,0700","0.0",",,7,0700","37",",,7","25",",,7","26",",,7,0700"
"USC00304174","ITHACA CORNELL UNIVERSITY, NY US","42.44915","-76.44905","292.6","2021-12-28",,,"0.02",",,7,0700","0.0","T,,7,0700","0.0",",,7,0700","37",",,7","26",",,7","33",",,7,0700"
"USC00304174","ITHACA CORNELL UNIVERSITY, NY US","42.44915","-76.44905","292.6","2021-12-29",,,"0.23",",,7,0700","0.8",",,7,0700","1.0",",,7,0700","42",",,7","29",",,7","34",",,7,0700"
"USC00304174","ITHACA CORNELL UNIVERSITY, NY US","42.44915","-76.44905","292.6","2021-12-30",,,"0.00","T,,7,0700","0.0",",,7,0700","0.0",",,7,0700","40",",,7","33",",,7","36",",,7,0700"
"USC00304174","ITHACA CORNELL UNIVERSITY, NY US","42.44915","-76.44905","292.6","2021-12-31",,,"0.01",",,7,0700","0.0",",,7,0700","0.0",",,7,0700","40",",,7","36",",,7","39",",,7,0700"
