area_fips,own_code,industry_code,agglvl_code,size_code,avg_annual_pay,naics2,naics6,finance_and_insurance
US000,5,10,11,0,68029,TRUE,FALSE,FALSE
US000,5,101,12,0,73020,FALSE,FALSE,FALSE
US000,5,1011,13,0,61478,FALSE,FALSE,FALSE
US000,5,1012,13,0,69855,FALSE,FALSE,FALSE
US000,5,1013,13,0,76580,FALSE,FALSE,FALSE
US000,5,102,12,0,66970,FALSE,FALSE,FALSE
US000,5,1021,13,0,55728,FALSE,FALSE,FALSE
US000,5,1022,13,0,152651,FALSE,FALSE,FALSE
US000,5,1023,13,0,115238,FALSE,FALSE,FALSE
US000,5,1024,13,0,90064,FALSE,FALSE,FALSE
US000,5,1025,13,0,58119,FALSE,FALSE,FALSE
US000,5,1026,13,0,28541,FALSE,FALSE,FALSE
US000,5,1027,13,0,46122,FALSE,FALSE,FALSE
US000,5,1029,13,0,73159,FALSE,FALSE,FALSE
US000,5,11,14,0,41740,TRUE,FALSE,FALSE
US000,5,111,15,0,40116,FALSE,FALSE,FALSE
US000,5,1111,16,0,43792,FALSE,FALSE,FALSE
US000,5,11111,17,0,41326,FALSE,FALSE,FALSE
US000,5,111110,18,0,41326,FALSE,TRUE,FALSE
US000,5,11112,17,0,47679,FALSE,FALSE,FALSE
US000,5,111120,18,0,47679,FALSE,TRUE,FALSE
US000,5,11113,17,0,41548,FALSE,FALSE,FALSE
US000,5,111130,18,0,41548,FALSE,TRUE,FALSE
US000,5,11114,17,0,40556,FALSE,FALSE,FALSE
US000,5,111140,18,0,40556,FALSE,TRUE,FALSE
US000,5,11115,17,0,46472,FALSE,FALSE,FALSE
US000,5,111150,18,0,46472,FALSE,TRUE,FALSE
US000,5,11116,17,0,48487,FALSE,FALSE,FALSE
US000,5,111160,18,0,48487,FALSE,TRUE,FALSE
US000,5,11119,17,0,42312,FALSE,FALSE,FALSE
US000,5,111191,18,0,42191,FALSE,TRUE,FALSE
US000,5,111199,18,0,42759,FALSE,TRUE,FALSE
US000,5,1112,16,0,41863,FALSE,FALSE,FALSE
US000,5,11121,17,0,41863,FALSE,FALSE,FALSE
US000,5,111211,18,0,42499,FALSE,TRUE,FALSE
US000,5,111219,18,0,41714,FALSE,TRUE,FALSE
US000,5,1113,16,0,35627,FALSE,FALSE,FALSE
US000,5,11131,17,0,45568,FALSE,FALSE,FALSE
US000,5,111310,18,0,45568,FALSE,TRUE,FALSE
US000,5,11132,17,0,39709,FALSE,FALSE,FALSE
US000,5,111320,18,0,39709,FALSE,TRUE,FALSE
US000,5,11133,17,0,35336,FALSE,FALSE,FALSE
US000,5,111331,18,0,29965,FALSE,TRUE,FALSE
US000,5,111332,18,0,39314,FALSE,TRUE,FALSE
US000,5,111333,18,0,34372,FALSE,TRUE,FALSE
US000,5,111334,18,0,34479,FALSE,TRUE,FALSE
US000,5,111335,18,0,44050,FALSE,TRUE,FALSE
US000,5,111336,18,0,38211,FALSE,TRUE,FALSE
US000,5,111339,18,0,32109,FALSE,TRUE,FALSE
US000,5,1114,16,0,41417,FALSE,FALSE,FALSE
US000,5,11141,17,0,42632,FALSE,FALSE,FALSE
US000,5,111411,18,0,43268,FALSE,TRUE,FALSE
US000,5,111419,18,0,42444,FALSE,TRUE,FALSE
US000,5,11142,17,0,41004,FALSE,FALSE,FALSE
US000,5,111421,18,0,42189,FALSE,TRUE,FALSE
US000,5,111422,18,0,38712,FALSE,TRUE,FALSE
US000,5,1119,16,0,42471,FALSE,FALSE,FALSE
US000,5,11191,17,0,34051,FALSE,FALSE,FALSE
US000,5,111910,18,0,34051,FALSE,TRUE,FALSE
US000,5,11192,17,0,40956,FALSE,FALSE,FALSE
US000,5,111920,18,0,40956,FALSE,TRUE,FALSE
US000,5,11193,17,0,68602,FALSE,FALSE,FALSE
US000,5,111930,18,0,68602,FALSE,TRUE,FALSE
US000,5,11194,17,0,42800,FALSE,FALSE,FALSE
US000,5,111940,18,0,42800,FALSE,TRUE,FALSE
US000,5,11199,17,0,41116,FALSE,FALSE,FALSE
US000,5,111991,18,0,42872,FALSE,TRUE,FALSE
US000,5,111992,18,0,35295,FALSE,TRUE,FALSE
US000,5,111998,18,0,41200,FALSE,TRUE,FALSE
US000,5,112,15,0,44463,FALSE,FALSE,FALSE
US000,5,1121,16,0,41801,FALSE,FALSE,FALSE
US000,5,11211,17,0,42776,FALSE,FALSE,FALSE
US000,5,112111,18,0,40101,FALSE,TRUE,FALSE
US000,5,112112,18,0,50136,FALSE,TRUE,FALSE
US000,5,11212,17,0,41300,FALSE,FALSE,FALSE
US000,5,112120,18,0,41300,FALSE,TRUE,FALSE
US000,5,1122,16,0,45184,FALSE,FALSE,FALSE
US000,5,11221,17,0,45184,FALSE,FALSE,FALSE
US000,5,112210,18,0,45184,FALSE,TRUE,FALSE
US000,5,1123,16,0,49764,FALSE,FALSE,FALSE
US000,5,11231,17,0,48011,FALSE,FALSE,FALSE
US000,5,112310,18,0,48011,FALSE,TRUE,FALSE
US000,5,11232,17,0,52895,FALSE,FALSE,FALSE
US000,5,112320,18,0,52895,FALSE,TRUE,FALSE
US000,5,11233,17,0,46734,FALSE,FALSE,FALSE
US000,5,112330,18,0,46734,FALSE,TRUE,FALSE
US000,5,11234,17,0,53990,FALSE,FALSE,FALSE
US000,5,112340,18,0,53990,FALSE,TRUE,FALSE
US000,5,11239,17,0,44058,FALSE,FALSE,FALSE
US000,5,112390,18,0,44058,FALSE,TRUE,FALSE
US000,5,1124,16,0,35761,FALSE,FALSE,FALSE
US000,5,11241,17,0,38341,FALSE,FALSE,FALSE
US000,5,112410,18,0,38341,FALSE,TRUE,FALSE
US000,5,11242,17,0,31245,FALSE,FALSE,FALSE
US000,5,112420,18,0,31245,FALSE,TRUE,FALSE
US000,5,1125,16,0,47028,FALSE,FALSE,FALSE
US000,5,11251,17,0,47028,FALSE,FALSE,FALSE
US000,5,112511,18,0,45075,FALSE,TRUE,FALSE
US000,5,112512,18,0,46327,FALSE,TRUE,FALSE
US000,5,112519,18,0,57289,FALSE,TRUE,FALSE
US000,5,1129,16,0,52469,FALSE,FALSE,FALSE
US000,5,11291,17,0,43700,FALSE,FALSE,FALSE
US000,5,112910,18,0,43700,FALSE,TRUE,FALSE
US000,5,11292,17,0,41115,FALSE,FALSE,FALSE
US000,5,112920,18,0,41115,FALSE,TRUE,FALSE
US000,5,11293,17,0,37156,FALSE,FALSE,FALSE
US000,5,112930,18,0,37156,FALSE,TRUE,FALSE
US000,5,11299,17,0,62439,FALSE,FALSE,FALSE
US000,5,112990,18,0,62439,FALSE,TRUE,FALSE
US000,5,113,15,0,51842,FALSE,FALSE,FALSE
US000,5,1131,16,0,65538,FALSE,FALSE,FALSE
US000,5,11311,17,0,65538,FALSE,FALSE,FALSE
US000,5,113110,18,0,65538,FALSE,TRUE,FALSE
US000,5,1132,16,0,45243,FALSE,FALSE,FALSE
US000,5,11321,17,0,45243,FALSE,FALSE,FALSE
US000,5,113210,18,0,45243,FALSE,TRUE,FALSE
US000,5,1133,16,0,51240,FALSE,FALSE,FALSE
US000,5,11331,17,0,51240,FALSE,FALSE,FALSE
US000,5,113310,18,0,51240,FALSE,TRUE,FALSE
US000,5,114,15,0,77384,FALSE,FALSE,FALSE
US000,5,1141,16,0,88817,FALSE,FALSE,FALSE
US000,5,11411,17,0,88817,FALSE,FALSE,FALSE
US000,5,114111,18,0,84575,FALSE,TRUE,FALSE
US000,5,114112,18,0,98337,FALSE,TRUE,FALSE
US000,5,114119,18,0,72578,FALSE,TRUE,FALSE
US000,5,1142,16,0,40937,FALSE,FALSE,FALSE
US000,5,11421,17,0,40937,FALSE,FALSE,FALSE
US000,5,114210,18,0,40937,FALSE,TRUE,FALSE
US000,5,115,15,0,40012,FALSE,FALSE,FALSE
US000,5,1151,16,0,38533,FALSE,FALSE,FALSE
US000,5,11511,17,0,38533,FALSE,FALSE,FALSE
US000,5,115111,18,0,49825,FALSE,TRUE,FALSE
US000,5,115112,18,0,47679,FALSE,TRUE,FALSE
US000,5,115113,18,0,41403,FALSE,TRUE,FALSE
US000,5,115114,18,0,46895,FALSE,TRUE,FALSE
US000,5,115115,18,0,31310,FALSE,TRUE,FALSE
US000,5,115116,18,0,48511,FALSE,TRUE,FALSE
US000,5,1152,16,0,42784,FALSE,FALSE,FALSE
US000,5,11521,17,0,42784,FALSE,FALSE,FALSE
US000,5,115210,18,0,42784,FALSE,TRUE,FALSE
US000,5,1153,16,0,60348,FALSE,FALSE,FALSE
US000,5,11531,17,0,60348,FALSE,FALSE,FALSE
US000,5,115310,18,0,60348,FALSE,TRUE,FALSE
US000,5,21,14,0,109498,TRUE,FALSE,FALSE
US000,5,211,15,0,179114,FALSE,FALSE,FALSE
US000,5,2111,16,0,179114,FALSE,FALSE,FALSE
US000,5,21112,17,0,192138,FALSE,FALSE,FALSE
US000,5,211120,18,0,192138,FALSE,TRUE,FALSE
US000,5,21113,17,0,143342,FALSE,FALSE,FALSE
US000,5,211130,18,0,143342,FALSE,TRUE,FALSE
US000,5,212,15,0,85668,FALSE,FALSE,FALSE
US000,5,2121,16,0,93856,FALSE,FALSE,FALSE
US000,5,21211,17,0,93856,FALSE,FALSE,FALSE
US000,5,212111,18,0,93605,FALSE,TRUE,FALSE
US000,5,212112,18,0,95269,FALSE,TRUE,FALSE
US000,5,212113,18,0,66165,FALSE,TRUE,FALSE
US000,5,2122,16,0,105170,FALSE,FALSE,FALSE
US000,5,21221,17,0,114471,FALSE,FALSE,FALSE
US000,5,212210,18,0,114471,FALSE,TRUE,FALSE
US000,5,21222,17,0,109671,FALSE,FALSE,FALSE
US000,5,212221,18,0,109485,FALSE,TRUE,FALSE
US000,5,212222,18,0,111280,FALSE,TRUE,FALSE
US000,5,21223,17,0,97781,FALSE,FALSE,FALSE
US000,5,212230,18,0,97781,FALSE,TRUE,FALSE
US000,5,21229,17,0,105518,FALSE,FALSE,FALSE
US000,5,212291,18,0,95815,FALSE,TRUE,FALSE
US000,5,212299,18,0,106441,FALSE,TRUE,FALSE
US000,5,2123,16,0,74102,FALSE,FALSE,FALSE
US000,5,21231,17,0,69717,FALSE,FALSE,FALSE
US000,5,212311,18,0,54816,FALSE,TRUE,FALSE
US000,5,212312,18,0,71564,FALSE,TRUE,FALSE
US000,5,212313,18,0,74082,FALSE,TRUE,FALSE
US000,5,212319,18,0,75074,FALSE,TRUE,FALSE
US000,5,21232,17,0,74426,FALSE,FALSE,FALSE
US000,5,212321,18,0,73503,FALSE,TRUE,FALSE
US000,5,212322,18,0,74786,FALSE,TRUE,FALSE
US000,5,212324,18,0,89430,FALSE,TRUE,FALSE
US000,5,212325,18,0,73883,FALSE,TRUE,FALSE
US000,5,21239,17,0,88685,FALSE,FALSE,FALSE
US000,5,212391,18,0,111363,FALSE,TRUE,FALSE
US000,5,212392,18,0,88333,FALSE,TRUE,FALSE
US000,5,212393,18,0,85467,FALSE,TRUE,FALSE
US000,5,212399,18,0,73343,FALSE,TRUE,FALSE
US000,5,213,15,0,93232,FALSE,FALSE,FALSE
US000,5,2131,16,0,93232,FALSE,FALSE,FALSE
US000,5,21311,17,0,93232,FALSE,FALSE,FALSE
US000,5,213111,18,0,103443,FALSE,TRUE,FALSE
US000,5,213112,18,0,91394,FALSE,TRUE,FALSE
US000,5,213113,18,0,78613,FALSE,TRUE,FALSE
US000,5,213114,18,0,105275,FALSE,TRUE,FALSE
US000,5,213115,18,0,76455,FALSE,TRUE,FALSE
US000,5,22,14,0,119705,TRUE,FALSE,FALSE
US000,5,221,15,0,119705,FALSE,FALSE,FALSE
US000,5,2211,16,0,125582,FALSE,FALSE,FALSE
US000,5,22111,17,0,134257,FALSE,FALSE,FALSE
US000,5,221111,18,0,130208,FALSE,TRUE,FALSE
US000,5,221112,18,0,129419,FALSE,TRUE,FALSE
US000,5,221113,18,0,155133,FALSE,TRUE,FALSE
US000,5,221114,18,0,114194,FALSE,TRUE,FALSE
US000,5,221115,18,0,110452,FALSE,TRUE,FALSE
US000,5,221116,18,0,117919,FALSE,TRUE,FALSE
US000,5,221117,18,0,102253,FALSE,TRUE,FALSE
US000,5,221118,18,0,138602,FALSE,TRUE,FALSE
US000,5,22112,17,0,120460,FALSE,FALSE,FALSE
US000,5,221121,18,0,135181,FALSE,TRUE,FALSE
US000,5,221122,18,0,118726,FALSE,TRUE,FALSE
US000,5,2212,16,0,124714,FALSE,FALSE,FALSE
US000,5,22121,17,0,124714,FALSE,FALSE,FALSE
US000,5,221210,18,0,124714,FALSE,TRUE,FALSE
US000,5,2213,16,0,68133,FALSE,FALSE,FALSE
US000,5,22131,17,0,67965,FALSE,FALSE,FALSE
US000,5,221310,18,0,67965,FALSE,TRUE,FALSE
US000,5,22132,17,0,63824,FALSE,FALSE,FALSE
US000,5,221320,18,0,63824,FALSE,TRUE,FALSE
US000,5,22133,17,0,91720,FALSE,FALSE,FALSE
US000,5,221330,18,0,91720,FALSE,TRUE,FALSE
US000,5,23,14,0,69855,TRUE,FALSE,FALSE
US000,5,236,15,0,76214,FALSE,FALSE,FALSE
US000,5,2361,16,0,66016,FALSE,FALSE,FALSE
US000,5,23611,17,0,66016,FALSE,FALSE,FALSE
US000,5,236115,18,0,69978,FALSE,TRUE,FALSE
US000,5,236116,18,0,95310,FALSE,TRUE,FALSE
US000,5,236117,18,0,110855,FALSE,TRUE,FALSE
US000,5,236118,18,0,54056,FALSE,TRUE,FALSE
US000,5,2362,16,0,87407,FALSE,FALSE,FALSE
US000,5,23621,17,0,89507,FALSE,FALSE,FALSE
US000,5,236210,18,0,89507,FALSE,TRUE,FALSE
US000,5,23622,17,0,86965,FALSE,FALSE,FALSE
US000,5,236220,18,0,86965,FALSE,TRUE,FALSE
US000,5,237,15,0,83565,FALSE,FALSE,FALSE
US000,5,2371,16,0,83528,FALSE,FALSE,FALSE
US000,5,23711,17,0,72906,FALSE,FALSE,FALSE
US000,5,237110,18,0,72906,FALSE,TRUE,FALSE
US000,5,23712,17,0,88016,FALSE,FALSE,FALSE
US000,5,237120,18,0,88016,FALSE,TRUE,FALSE
US000,5,23713,17,0,90082,FALSE,FALSE,FALSE
US000,5,237130,18,0,90082,FALSE,TRUE,FALSE
US000,5,2372,16,0,110731,FALSE,FALSE,FALSE
US000,5,23721,17,0,110731,FALSE,FALSE,FALSE
US000,5,237210,18,0,110731,FALSE,TRUE,FALSE
US000,5,2373,16,0,79849,FALSE,FALSE,FALSE
US000,5,23731,17,0,79849,FALSE,FALSE,FALSE
US000,5,237310,18,0,79849,FALSE,TRUE,FALSE
US000,5,2379,16,0,86211,FALSE,FALSE,FALSE
US000,5,23799,17,0,86211,FALSE,FALSE,FALSE
US000,5,237990,18,0,86211,FALSE,TRUE,FALSE
US000,5,238,15,0,64617,FALSE,FALSE,FALSE
US000,5,2381,16,0,60130,FALSE,FALSE,FALSE
US000,5,23811,17,0,62083,FALSE,FALSE,FALSE
US000,5,238111,18,0,55766,FALSE,TRUE,FALSE
US000,5,238112,18,0,68129,FALSE,TRUE,FALSE
US000,5,23812,17,0,71167,FALSE,FALSE,FALSE
US000,5,238121,18,0,63615,FALSE,TRUE,FALSE
US000,5,238122,18,0,72537,FALSE,TRUE,FALSE
US000,5,23813,17,0,51814,FALSE,FALSE,FALSE
US000,5,238131,18,0,49191,FALSE,TRUE,FALSE
US000,5,238132,18,0,62239,FALSE,TRUE,FALSE
US000,5,23814,17,0,55674,FALSE,FALSE,FALSE
US000,5,238141,18,0,48699,FALSE,TRUE,FALSE
US000,5,238142,18,0,62833,FALSE,TRUE,FALSE
US000,5,23815,17,0,65376,FALSE,FALSE,FALSE
US000,5,238151,18,0,54255,FALSE,TRUE,FALSE
US000,5,238152,18,0,71437,FALSE,TRUE,FALSE
US000,5,23816,17,0,59366,FALSE,FALSE,FALSE
US000,5,238161,18,0,54033,FALSE,TRUE,FALSE
US000,5,238162,18,0,65162,FALSE,TRUE,FALSE
US000,5,23817,17,0,53134,FALSE,FALSE,FALSE
US000,5,238171,18,0,51344,FALSE,TRUE,FALSE
US000,5,238172,18,0,65269,FALSE,TRUE,FALSE
US000,5,23819,17,0,61121,FALSE,FALSE,FALSE
US000,5,238191,18,0,53620,FALSE,TRUE,FALSE
US000,5,238192,18,0,66546,FALSE,TRUE,FALSE
US000,5,2382,16,0,69714,FALSE,FALSE,FALSE
US000,5,23821,17,0,70579,FALSE,FALSE,FALSE
US000,5,238211,18,0,58259,FALSE,TRUE,FALSE
US000,5,238212,18,0,76837,FALSE,TRUE,FALSE
US000,5,23822,17,0,67186,FALSE,FALSE,FALSE
US000,5,238221,18,0,57603,FALSE,TRUE,FALSE
US000,5,238222,18,0,77643,FALSE,TRUE,FALSE
US000,5,23829,17,0,83980,FALSE,FALSE,FALSE
US000,5,238291,18,0,56515,FALSE,TRUE,FALSE
US000,5,238292,18,0,87344,FALSE,TRUE,FALSE
US000,5,2383,16,0,56682,FALSE,FALSE,FALSE
US000,5,23831,17,0,62013,FALSE,FALSE,FALSE
US000,5,238311,18,0,52993,FALSE,TRUE,FALSE
US000,5,238312,18,0,70115,FALSE,TRUE,FALSE
US000,5,23832,17,0,50638,FALSE,FALSE,FALSE
US000,5,238321,18,0,43859,FALSE,TRUE,FALSE
US000,5,238322,18,0,61895,FALSE,TRUE,FALSE
US000,5,23833,17,0,57243,FALSE,FALSE,FALSE
US000,5,238331,18,0,50880,FALSE,TRUE,FALSE
US000,5,238332,18,0,69692,FALSE,TRUE,FALSE
US000,5,23834,17,0,54723,FALSE,FALSE,FALSE
US000,5,238341,18,0,51247,FALSE,TRUE,FALSE
US000,5,238342,18,0,65542,FALSE,TRUE,FALSE
US000,5,23835,17,0,55589,FALSE,FALSE,FALSE
US000,5,238351,18,0,51947,FALSE,TRUE,FALSE
US000,5,238352,18,0,68284,FALSE,TRUE,FALSE
US000,5,23839,17,0,58602,FALSE,FALSE,FALSE
US000,5,238391,18,0,55434,FALSE,TRUE,FALSE
US000,5,238392,18,0,61127,FALSE,TRUE,FALSE
US000,5,2389,16,0,63189,FALSE,FALSE,FALSE
US000,5,23891,17,0,64332,FALSE,FALSE,FALSE
US000,5,238911,18,0,56770,FALSE,TRUE,FALSE
US000,5,238912,18,0,68741,FALSE,TRUE,FALSE
US000,5,23899,17,0,61993,FALSE,FALSE,FALSE
US000,5,238991,18,0,54276,FALSE,TRUE,FALSE
US000,5,238992,18,0,69503,FALSE,TRUE,FALSE
US000,5,31-33,14,0,76580,TRUE,FALSE,FALSE
US000,5,311,15,0,55385,FALSE,FALSE,FALSE
US000,5,3111,16,0,68787,FALSE,FALSE,FALSE
US000,5,31111,17,0,68787,FALSE,FALSE,FALSE
US000,5,311111,18,0,71716,FALSE,TRUE,FALSE
US000,5,311119,18,0,66100,FALSE,TRUE,FALSE
US000,5,3112,16,0,80246,FALSE,FALSE,FALSE
US000,5,31121,17,0,69433,FALSE,FALSE,FALSE
US000,5,311211,18,0,73262,FALSE,TRUE,FALSE
US000,5,311212,18,0,56689,FALSE,TRUE,FALSE
US000,5,311213,18,0,77696,FALSE,TRUE,FALSE
US000,5,31122,17,0,87913,FALSE,FALSE,FALSE
US000,5,311221,18,0,108989,FALSE,TRUE,FALSE
US000,5,311224,18,0,72044,FALSE,TRUE,FALSE
US000,5,311225,18,0,68976,FALSE,TRUE,FALSE
US000,5,31123,17,0,80114,FALSE,FALSE,FALSE
US000,5,311230,18,0,80114,FALSE,TRUE,FALSE
US000,5,3113,16,0,57152,FALSE,FALSE,FALSE
US000,5,31131,17,0,71044,FALSE,FALSE,FALSE
US000,5,311313,18,0,62626,FALSE,TRUE,FALSE
US000,5,311314,18,0,79858,FALSE,TRUE,FALSE
US000,5,31134,17,0,60100,FALSE,FALSE,FALSE
US000,5,311340,18,0,60100,FALSE,TRUE,FALSE
US000,5,31135,17,0,50946,FALSE,FALSE,FALSE
US000,5,311351,18,0,65998,FALSE,TRUE,FALSE
US000,5,311352,18,0,46232,FALSE,TRUE,FALSE
US000,5,3114,16,0,58246,FALSE,FALSE,FALSE
US000,5,31141,17,0,54920,FALSE,FALSE,FALSE
US000,5,311411,18,0,57199,FALSE,TRUE,FALSE
US000,5,311412,18,0,53875,FALSE,TRUE,FALSE
US000,5,31142,17,0,62006,FALSE,FALSE,FALSE
US000,5,311421,18,0,61898,FALSE,TRUE,FALSE
US000,5,311422,18,0,67344,FALSE,TRUE,FALSE
US000,5,311423,18,0,57248,FALSE,TRUE,FALSE
US000,5,3115,16,0,65475,FALSE,FALSE,FALSE
US000,5,31151,17,0,67243,FALSE,FALSE,FALSE
US000,5,311511,18,0,69663,FALSE,TRUE,FALSE
US000,5,311512,18,0,63164,FALSE,TRUE,FALSE
US000,5,311513,18,0,61351,FALSE,TRUE,FALSE
US000,5,311514,18,0,79297,FALSE,TRUE,FALSE
US000,5,31152,17,0,55224,FALSE,FALSE,FALSE
US000,5,311520,18,0,55224,FALSE,TRUE,FALSE
US000,5,3116,16,0,50259,FALSE,FALSE,FALSE
US000,5,31161,17,0,50259,FALSE,FALSE,FALSE
US000,5,311611,18,0,55821,FALSE,TRUE,FALSE
US000,5,311612,18,0,54535,FALSE,TRUE,FALSE
US000,5,311613,18,0,67597,FALSE,TRUE,FALSE
US000,5,311615,18,0,43542,FALSE,TRUE,FALSE
US000,5,3117,16,0,56997,FALSE,FALSE,FALSE
US000,5,31171,17,0,56997,FALSE,FALSE,FALSE
US000,5,311710,18,0,56997,FALSE,TRUE,FALSE
US000,5,3118,16,0,45246,FALSE,FALSE,FALSE
US000,5,31181,17,0,42269,FALSE,FALSE,FALSE
US000,5,311811,18,0,26996,FALSE,TRUE,FALSE
US000,5,311812,18,0,51434,FALSE,TRUE,FALSE
US000,5,311813,18,0,53710,FALSE,TRUE,FALSE
US000,5,31182,17,0,57139,FALSE,FALSE,FALSE
US000,5,311821,18,0,55252,FALSE,TRUE,FALSE
US000,5,311824,18,0,60392,FALSE,TRUE,FALSE
US000,5,31183,17,0,46681,FALSE,FALSE,FALSE
US000,5,311830,18,0,46681,FALSE,TRUE,FALSE
US000,5,3119,16,0,59847,FALSE,FALSE,FALSE
US000,5,31191,17,0,56835,FALSE,FALSE,FALSE
US000,5,311911,18,0,58334,FALSE,TRUE,FALSE
US000,5,311919,18,0,56304,FALSE,TRUE,FALSE
US000,5,31192,17,0,58396,FALSE,FALSE,FALSE
US000,5,311920,18,0,58396,FALSE,TRUE,FALSE
US000,5,31193,17,0,98864,FALSE,FALSE,FALSE
US000,5,311930,18,0,98864,FALSE,TRUE,FALSE
US000,5,31194,17,0,70531,FALSE,FALSE,FALSE
US000,5,311941,18,0,64144,FALSE,TRUE,FALSE
US000,5,311942,18,0,75393,FALSE,TRUE,FALSE
US000,5,31199,17,0,53758,FALSE,FALSE,FALSE
US000,5,311991,18,0,47162,FALSE,TRUE,FALSE
US000,5,311999,18,0,63870,FALSE,TRUE,FALSE
US000,5,312,15,0,56528,FALSE,FALSE,FALSE
US000,5,3121,16,0,55465,FALSE,FALSE,FALSE
US000,5,31211,17,0,62981,FALSE,FALSE,FALSE
US000,5,312111,18,0,64293,FALSE,TRUE,FALSE
US000,5,312112,18,0,64694,FALSE,TRUE,FALSE
US000,5,312113,18,0,44143,FALSE,TRUE,FALSE
US000,5,31212,17,0,47121,FALSE,FALSE,FALSE
US000,5,312120,18,0,47121,FALSE,TRUE,FALSE
US000,5,31213,17,0,52241,FALSE,FALSE,FALSE
US000,5,312130,18,0,52241,FALSE,TRUE,FALSE
US000,5,31214,17,0,65852,FALSE,FALSE,FALSE
US000,5,312140,18,0,65852,FALSE,TRUE,FALSE
US000,5,3122,16,0,85262,FALSE,FALSE,FALSE
US000,5,31223,17,0,85262,FALSE,FALSE,FALSE
US000,5,312230,18,0,85262,FALSE,TRUE,FALSE
US000,5,313,15,0,52780,FALSE,FALSE,FALSE
US000,5,3131,16,0,44177,FALSE,FALSE,FALSE
US000,5,31311,17,0,44177,FALSE,FALSE,FALSE
US000,5,313110,18,0,44177,FALSE,TRUE,FALSE
US000,5,3132,16,0,55399,FALSE,FALSE,FALSE
US000,5,31321,17,0,52208,FALSE,FALSE,FALSE
US000,5,313210,18,0,52208,FALSE,TRUE,FALSE
US000,5,31322,17,0,47851,FALSE,FALSE,FALSE
US000,5,313220,18,0,47851,FALSE,TRUE,FALSE
US000,5,31323,17,0,65501,FALSE,FALSE,FALSE
US000,5,313230,18,0,65501,FALSE,TRUE,FALSE
US000,5,31324,17,0,47349,FALSE,FALSE,FALSE
US000,5,313240,18,0,47349,FALSE,TRUE,FALSE
US000,5,3133,16,0,56630,FALSE,FALSE,FALSE
US000,5,31331,17,0,52397,FALSE,FALSE,FALSE
US000,5,313310,18,0,52397,FALSE,TRUE,FALSE
US000,5,31332,17,0,68510,FALSE,FALSE,FALSE
US000,5,313320,18,0,68510,FALSE,TRUE,FALSE
US000,5,314,15,0,47593,FALSE,FALSE,FALSE
US000,5,3141,16,0,49668,FALSE,FALSE,FALSE
US000,5,31411,17,0,53241,FALSE,FALSE,FALSE
US000,5,314110,18,0,53241,FALSE,TRUE,FALSE
US000,5,31412,17,0,43638,FALSE,FALSE,FALSE
US000,5,314120,18,0,43638,FALSE,TRUE,FALSE
US000,5,3149,16,0,46055,FALSE,FALSE,FALSE
US000,5,31491,17,0,48394,FALSE,FALSE,FALSE
US000,5,314910,18,0,48394,FALSE,TRUE,FALSE
US000,5,31499,17,0,44342,FALSE,FALSE,FALSE
US000,5,314994,18,0,54096,FALSE,TRUE,FALSE
US000,5,314999,18,0,42521,FALSE,TRUE,FALSE
US000,5,315,15,0,49701,FALSE,FALSE,FALSE
US000,5,3151,16,0,39910,FALSE,FALSE,FALSE
US000,5,31511,17,0,37713,FALSE,FALSE,FALSE
US000,5,315110,18,0,37713,FALSE,TRUE,FALSE
US000,5,31519,17,0,44356,FALSE,FALSE,FALSE
US000,5,315190,18,0,44356,FALSE,TRUE,FALSE
US000,5,3152,16,0,51389,FALSE,FALSE,FALSE
US000,5,31521,17,0,41090,FALSE,FALSE,FALSE
US000,5,315210,18,0,41090,FALSE,TRUE,FALSE
US000,5,31522,17,0,56714,FALSE,FALSE,FALSE
US000,5,315220,18,0,56714,FALSE,TRUE,FALSE
US000,5,31524,17,0,64388,FALSE,FALSE,FALSE
US000,5,315240,18,0,64388,FALSE,TRUE,FALSE
US000,5,31528,17,0,46429,FALSE,FALSE,FALSE
US000,5,315280,18,0,46429,FALSE,TRUE,FALSE
US000,5,3159,16,0,45821,FALSE,FALSE,FALSE
US000,5,31599,17,0,45821,FALSE,FALSE,FALSE
US000,5,315990,18,0,45821,FALSE,TRUE,FALSE
US000,5,316,15,0,50923,FALSE,FALSE,FALSE
US000,5,3161,16,0,55904,FALSE,FALSE,FALSE
US000,5,31611,17,0,55904,FALSE,FALSE,FALSE
US000,5,316110,18,0,55904,FALSE,TRUE,FALSE
US000,5,3162,16,0,53447,FALSE,FALSE,FALSE
US000,5,31621,17,0,53447,FALSE,FALSE,FALSE
US000,5,316210,18,0,53447,FALSE,TRUE,FALSE
US000,5,3169,16,0,47046,FALSE,FALSE,FALSE
US000,5,31699,17,0,47046,FALSE,FALSE,FALSE
US000,5,316992,18,0,61185,FALSE,TRUE,FALSE
US000,5,316998,18,0,45665,FALSE,TRUE,FALSE
US000,5,321,15,0,54909,FALSE,FALSE,FALSE
US000,5,3211,16,0,57190,FALSE,FALSE,FALSE
US000,5,32111,17,0,57190,FALSE,FALSE,FALSE
US000,5,321113,18,0,57199,FALSE,TRUE,FALSE
US000,5,321114,18,0,57128,FALSE,TRUE,FALSE
US000,5,3212,16,0,60661,FALSE,FALSE,FALSE
US000,5,32121,17,0,60661,FALSE,FALSE,FALSE
US000,5,321211,18,0,57293,FALSE,TRUE,FALSE
US000,5,321212,18,0,62772,FALSE,TRUE,FALSE
US000,5,321213,18,0,60590,FALSE,TRUE,FALSE
US000,5,321214,18,0,55651,FALSE,TRUE,FALSE
US000,5,321219,18,0,73161,FALSE,TRUE,FALSE
US000,5,3219,16,0,52059,FALSE,FALSE,FALSE
US000,5,32191,17,0,54046,FALSE,FALSE,FALSE
US000,5,321911,18,0,57507,FALSE,TRUE,FALSE
US000,5,321912,18,0,49472,FALSE,TRUE,FALSE
US000,5,321918,18,0,50473,FALSE,TRUE,FALSE
US000,5,32192,17,0,46804,FALSE,FALSE,FALSE
US000,5,321920,18,0,46804,FALSE,TRUE,FALSE
US000,5,32199,17,0,53625,FALSE,FALSE,FALSE
US000,5,321991,18,0,55343,FALSE,TRUE,FALSE
US000,5,321992,18,0,52172,FALSE,TRUE,FALSE
US000,5,321999,18,0,52559,FALSE,TRUE,FALSE
US000,5,322,15,0,74089,FALSE,FALSE,FALSE
US000,5,3221,16,0,88442,FALSE,FALSE,FALSE
US000,5,32211,17,0,90316,FALSE,FALSE,FALSE
US000,5,322110,18,0,90316,FALSE,TRUE,FALSE
US000,5,32212,17,0,85243,FALSE,FALSE,FALSE
US000,5,322121,18,0,84962,FALSE,TRUE,FALSE
US000,5,322122,18,0,89756,FALSE,TRUE,FALSE
US000,5,32213,17,0,93379,FALSE,FALSE,FALSE
US000,5,322130,18,0,93379,FALSE,TRUE,FALSE
US000,5,3222,16,0,69213,FALSE,FALSE,FALSE
US000,5,32221,17,0,69919,FALSE,FALSE,FALSE
US000,5,322211,18,0,72973,FALSE,TRUE,FALSE
US000,5,322212,18,0,65646,FALSE,TRUE,FALSE
US000,5,322219,18,0,62374,FALSE,TRUE,FALSE
US000,5,32222,17,0,68613,FALSE,FALSE,FALSE
US000,5,322220,18,0,68613,FALSE,TRUE,FALSE
US000,5,32223,17,0,60273,FALSE,FALSE,FALSE
US000,5,322230,18,0,60273,FALSE,TRUE,FALSE
US000,5,32229,17,0,70493,FALSE,FALSE,FALSE
US000,5,322291,18,0,77417,FALSE,TRUE,FALSE
US000,5,322299,18,0,59903,FALSE,TRUE,FALSE
US000,5,323,15,0,54733,FALSE,FALSE,FALSE
US000,5,3231,16,0,54733,FALSE,FALSE,FALSE
US000,5,32311,17,0,54652,FALSE,FALSE,FALSE
US000,5,323111,18,0,58566,FALSE,TRUE,FALSE
US000,5,323113,18,0,40893,FALSE,TRUE,FALSE
US000,5,323117,18,0,52153,FALSE,TRUE,FALSE
US000,5,32312,17,0,56342,FALSE,FALSE,FALSE
US000,5,323120,18,0,56342,FALSE,TRUE,FALSE
US000,5,324,15,0,122598,FALSE,FALSE,FALSE
US000,5,3241,16,0,122598,FALSE,FALSE,FALSE
US000,5,32411,17,0,148970,FALSE,FALSE,FALSE
US000,5,324110,18,0,148970,FALSE,TRUE,FALSE
US000,5,32412,17,0,86793,FALSE,FALSE,FALSE
US000,5,324121,18,0,80531,FALSE,TRUE,FALSE
US000,5,324122,18,0,94736,FALSE,TRUE,FALSE
US000,5,32419,17,0,84009,FALSE,FALSE,FALSE
US000,5,324191,18,0,85550,FALSE,TRUE,FALSE
US000,5,324199,18,0,80412,FALSE,TRUE,FALSE
US000,5,325,15,0,105590,FALSE,FALSE,FALSE
US000,5,3251,16,0,110403,FALSE,FALSE,FALSE
US000,5,32511,17,0,139281,FALSE,FALSE,FALSE
US000,5,325110,18,0,139281,FALSE,TRUE,FALSE
US000,5,32512,17,0,122698,FALSE,FALSE,FALSE
US000,5,325120,18,0,122698,FALSE,TRUE,FALSE
US000,5,32513,17,0,88994,FALSE,FALSE,FALSE
US000,5,325130,18,0,88994,FALSE,TRUE,FALSE
US000,5,32518,17,0,105544,FALSE,FALSE,FALSE
US000,5,325180,18,0,105544,FALSE,TRUE,FALSE
US000,5,32519,17,0,100636,FALSE,FALSE,FALSE
US000,5,325193,18,0,90240,FALSE,TRUE,FALSE
US000,5,325194,18,0,85235,FALSE,TRUE,FALSE
US000,5,325199,18,0,104890,FALSE,TRUE,FALSE
US000,5,3252,16,0,99335,FALSE,FALSE,FALSE
US000,5,32521,17,0,101993,FALSE,FALSE,FALSE
US000,5,325211,18,0,103697,FALSE,TRUE,FALSE
US000,5,325212,18,0,91211,FALSE,TRUE,FALSE
US000,5,32522,17,0,91730,FALSE,FALSE,FALSE
US000,5,325220,18,0,91730,FALSE,TRUE,FALSE
US000,5,3253,16,0,92868,FALSE,FALSE,FALSE
US000,5,32531,17,0,91600,FALSE,FALSE,FALSE
US000,5,325311,18,0,111603,FALSE,TRUE,FALSE
US000,5,325312,18,0,99898,FALSE,TRUE,FALSE
US000,5,325314,18,0,67497,FALSE,TRUE,FALSE
US000,5,32532,17,0,95043,FALSE,FALSE,FALSE
US000,5,325320,18,0,95043,FALSE,TRUE,FALSE
US000,5,3254,16,0,127322,FALSE,FALSE,FALSE
US000,5,32541,17,0,127322,FALSE,FALSE,FALSE
US000,5,325411,18,0,112449,FALSE,TRUE,FALSE
US000,5,325412,18,0,133241,FALSE,TRUE,FALSE
US000,5,325413,18,0,118926,FALSE,TRUE,FALSE
US000,5,325414,18,0,116253,FALSE,TRUE,FALSE
US000,5,3255,16,0,80169,FALSE,FALSE,FALSE
US000,5,32551,17,0,78547,FALSE,FALSE,FALSE
US000,5,325510,18,0,78547,FALSE,TRUE,FALSE
US000,5,32552,17,0,83165,FALSE,FALSE,FALSE
US000,5,325520,18,0,83165,FALSE,TRUE,FALSE
US000,5,3256,16,0,78827,FALSE,FALSE,FALSE
US000,5,32561,17,0,90650,FALSE,FALSE,FALSE
US000,5,325611,18,0,99924,FALSE,TRUE,FALSE
US000,5,325612,18,0,79585,FALSE,TRUE,FALSE
US000,5,325613,18,0,94232,FALSE,TRUE,FALSE
US000,5,32562,17,0,67123,FALSE,FALSE,FALSE
US000,5,325620,18,0,67123,FALSE,TRUE,FALSE
US000,5,3259,16,0,78746,FALSE,FALSE,FALSE
US000,5,32591,17,0,75477,FALSE,FALSE,FALSE
US000,5,325910,18,0,75477,FALSE,TRUE,FALSE
US000,5,32592,17,0,78137,FALSE,FALSE,FALSE
US000,5,325920,18,0,78137,FALSE,TRUE,FALSE
US000,5,32599,17,0,79173,FALSE,FALSE,FALSE
US000,5,325991,18,0,68365,FALSE,TRUE,FALSE
US000,5,325992,18,0,77342,FALSE,TRUE,FALSE
US000,5,325998,18,0,84036,FALSE,TRUE,FALSE
US000,5,326,15,0,61275,FALSE,FALSE,FALSE
US000,5,3261,16,0,60859,FALSE,FALSE,FALSE
US000,5,32611,17,0,65159,FALSE,FALSE,FALSE
US000,5,326111,18,0,59828,FALSE,TRUE,FALSE
US000,5,326112,18,0,67709,FALSE,TRUE,FALSE
US000,5,326113,18,0,69164,FALSE,TRUE,FALSE
US000,5,32612,17,0,65713,FALSE,FALSE,FALSE
US000,5,326121,18,0,64154,FALSE,TRUE,FALSE
US000,5,326122,18,0,66897,FALSE,TRUE,FALSE
US000,5,32613,17,0,63771,FALSE,FALSE,FALSE
US000,5,326130,18,0,63771,FALSE,TRUE,FALSE
US000,5,32614,17,0,57649,FALSE,FALSE,FALSE
US000,5,326140,18,0,57649,FALSE,TRUE,FALSE
US000,5,32615,17,0,55110,FALSE,FALSE,FALSE
US000,5,326150,18,0,55110,FALSE,TRUE,FALSE
US000,5,32616,17,0,62658,FALSE,FALSE,FALSE
US000,5,326160,18,0,62658,FALSE,TRUE,FALSE
US000,5,32619,17,0,59368,FALSE,FALSE,FALSE
US000,5,326191,18,0,53352,FALSE,TRUE,FALSE
US000,5,326199,18,0,59683,FALSE,TRUE,FALSE
US000,5,3262,16,0,63166,FALSE,FALSE,FALSE
US000,5,32621,17,0,68476,FALSE,FALSE,FALSE
US000,5,326211,18,0,70326,FALSE,TRUE,FALSE
US000,5,326212,18,0,53185,FALSE,TRUE,FALSE
US000,5,32622,17,0,60008,FALSE,FALSE,FALSE
US000,5,326220,18,0,60008,FALSE,TRUE,FALSE
US000,5,32629,17,0,58849,FALSE,FALSE,FALSE
US000,5,326291,18,0,57256,FALSE,TRUE,FALSE
US000,5,326299,18,0,60771,FALSE,TRUE,FALSE
US000,5,327,15,0,66358,FALSE,FALSE,FALSE
US000,5,3271,16,0,60468,FALSE,FALSE,FALSE
US000,5,32711,17,0,58802,FALSE,FALSE,FALSE
US000,5,327110,18,0,58802,FALSE,TRUE,FALSE
US000,5,32712,17,0,61588,FALSE,FALSE,FALSE
US000,5,327120,18,0,61588,FALSE,TRUE,FALSE
US000,5,3272,16,0,64680,FALSE,FALSE,FALSE
US000,5,32721,17,0,64680,FALSE,FALSE,FALSE
US000,5,327211,18,0,65895,FALSE,TRUE,FALSE
US000,5,327212,18,0,69388,FALSE,TRUE,FALSE
US000,5,327213,18,0,79821,FALSE,TRUE,FALSE
US000,5,327215,18,0,58664,FALSE,TRUE,FALSE
US000,5,3273,16,0,68483,FALSE,FALSE,FALSE
US000,5,32731,17,0,86371,FALSE,FALSE,FALSE
US000,5,327310,18,0,86371,FALSE,TRUE,FALSE
US000,5,32732,17,0,68972,FALSE,FALSE,FALSE
US000,5,327320,18,0,68972,FALSE,TRUE,FALSE
US000,5,32733,17,0,67821,FALSE,FALSE,FALSE
US000,5,327331,18,0,66649,FALSE,TRUE,FALSE
US000,5,327332,18,0,70460,FALSE,TRUE,FALSE
US000,5,32739,17,0,63316,FALSE,FALSE,FALSE
US000,5,327390,18,0,63316,FALSE,TRUE,FALSE
US000,5,3274,16,0,78426,FALSE,FALSE,FALSE
US000,5,32741,17,0,81326,FALSE,FALSE,FALSE
US000,5,327410,18,0,81326,FALSE,TRUE,FALSE
US000,5,32742,17,0,77363,FALSE,FALSE,FALSE
US000,5,327420,18,0,77363,FALSE,TRUE,FALSE
US000,5,3279,16,0,63106,FALSE,FALSE,FALSE
US000,5,32791,17,0,65466,FALSE,FALSE,FALSE
US000,5,327910,18,0,65466,FALSE,TRUE,FALSE
US000,5,32799,17,0,62778,FALSE,FALSE,FALSE
US000,5,327991,18,0,51957,FALSE,TRUE,FALSE
US000,5,327992,18,0,84825,FALSE,TRUE,FALSE
US000,5,327993,18,0,75038,FALSE,TRUE,FALSE
US000,5,327999,18,0,67999,FALSE,TRUE,FALSE
US000,5,331,15,0,78252,FALSE,FALSE,FALSE
US000,5,3311,16,0,103631,FALSE,FALSE,FALSE
US000,5,33111,17,0,103631,FALSE,FALSE,FALSE
US000,5,331110,18,0,103631,FALSE,TRUE,FALSE
US000,5,3312,16,0,75257,FALSE,FALSE,FALSE
US000,5,33121,17,0,76924,FALSE,FALSE,FALSE
US000,5,331210,18,0,76924,FALSE,TRUE,FALSE
US000,5,33122,17,0,73949,FALSE,FALSE,FALSE
US000,5,331221,18,0,80523,FALSE,TRUE,FALSE
US000,5,331222,18,0,61439,FALSE,TRUE,FALSE
US000,5,3313,16,0,74149,FALSE,FALSE,FALSE
US000,5,33131,17,0,74149,FALSE,FALSE,FALSE
US000,5,331313,18,0,84164,FALSE,TRUE,FALSE
US000,5,331314,18,0,69319,FALSE,TRUE,FALSE
US000,5,331315,18,0,88136,FALSE,TRUE,FALSE
US000,5,331318,18,0,63639,FALSE,TRUE,FALSE
US000,5,3314,16,0,75937,FALSE,FALSE,FALSE
US000,5,33141,17,0,86420,FALSE,FALSE,FALSE
US000,5,331410,18,0,86420,FALSE,TRUE,FALSE
US000,5,33142,17,0,73923,FALSE,FALSE,FALSE
US000,5,331420,18,0,73923,FALSE,TRUE,FALSE
US000,5,33149,17,0,74845,FALSE,FALSE,FALSE
US000,5,331491,18,0,74111,FALSE,TRUE,FALSE
US000,5,331492,18,0,75826,FALSE,TRUE,FALSE
US000,5,3315,16,0,63623,FALSE,FALSE,FALSE
US000,5,33151,17,0,67166,FALSE,FALSE,FALSE
US000,5,331511,18,0,69919,FALSE,TRUE,FALSE
US000,5,331512,18,0,61301,FALSE,TRUE,FALSE
US000,5,331513,18,0,64548,FALSE,TRUE,FALSE
US000,5,33152,17,0,59730,FALSE,FALSE,FALSE
US000,5,331523,18,0,58300,FALSE,TRUE,FALSE
US000,5,331524,18,0,58405,FALSE,TRUE,FALSE
US000,5,331529,18,0,64278,FALSE,TRUE,FALSE
US000,5,332,15,0,63754,FALSE,FALSE,FALSE
US000,5,3321,16,0,62659,FALSE,FALSE,FALSE
US000,5,33211,17,0,62659,FALSE,FALSE,FALSE
US000,5,332111,18,0,68454,FALSE,TRUE,FALSE
US000,5,332112,18,0,70731,FALSE,TRUE,FALSE
US000,5,332114,18,0,65537,FALSE,TRUE,FALSE
US000,5,332117,18,0,56187,FALSE,TRUE,FALSE
US000,5,332119,18,0,60082,FALSE,TRUE,FALSE
US000,5,3322,16,0,68551,FALSE,FALSE,FALSE
US000,5,33221,17,0,68551,FALSE,FALSE,FALSE
US000,5,332215,18,0,80383,FALSE,TRUE,FALSE
US000,5,332216,18,0,64719,FALSE,TRUE,FALSE
US000,5,3323,16,0,61462,FALSE,FALSE,FALSE
US000,5,33231,17,0,65539,FALSE,FALSE,FALSE
US000,5,332311,18,0,64149,FALSE,TRUE,FALSE
US000,5,332312,18,0,65704,FALSE,TRUE,FALSE
US000,5,332313,18,0,66263,FALSE,TRUE,FALSE
US000,5,33232,17,0,58387,FALSE,FALSE,FALSE
US000,5,332321,18,0,55697,FALSE,TRUE,FALSE
US000,5,332322,18,0,59651,FALSE,TRUE,FALSE
US000,5,332323,18,0,59321,FALSE,TRUE,FALSE
US000,5,3324,16,0,71088,FALSE,FALSE,FALSE
US000,5,33241,17,0,75482,FALSE,FALSE,FALSE
US000,5,332410,18,0,75482,FALSE,TRUE,FALSE
US000,5,33242,17,0,67422,FALSE,FALSE,FALSE
US000,5,332420,18,0,67422,FALSE,TRUE,FALSE
US000,5,33243,17,0,72340,FALSE,FALSE,FALSE
US000,5,332431,18,0,80839,FALSE,TRUE,FALSE
US000,5,332439,18,0,59793,FALSE,TRUE,FALSE
US000,5,3325,16,0,68234,FALSE,FALSE,FALSE
US000,5,33251,17,0,68234,FALSE,FALSE,FALSE
US000,5,332510,18,0,68234,FALSE,TRUE,FALSE
US000,5,3326,16,0,59797,FALSE,FALSE,FALSE
US000,5,33261,17,0,59797,FALSE,FALSE,FALSE
US000,5,332613,18,0,62160,FALSE,TRUE,FALSE
US000,5,332618,18,0,58211,FALSE,TRUE,FALSE
US000,5,3327,16,0,60768,FALSE,FALSE,FALSE
US000,5,33271,17,0,59923,FALSE,FALSE,FALSE
US000,5,332710,18,0,59923,FALSE,TRUE,FALSE
US000,5,33272,17,0,63800,FALSE,FALSE,FALSE
US000,5,332721,18,0,60297,FALSE,TRUE,FALSE
US000,5,332722,18,0,67620,FALSE,TRUE,FALSE
US000,5,3328,16,0,55907,FALSE,FALSE,FALSE
US000,5,33281,17,0,55907,FALSE,FALSE,FALSE
US000,5,332811,18,0,66608,FALSE,TRUE,FALSE
US000,5,332812,18,0,54182,FALSE,TRUE,FALSE
US000,5,332813,18,0,54217,FALSE,TRUE,FALSE
US000,5,3329,16,0,71989,FALSE,FALSE,FALSE
US000,5,33291,17,0,76079,FALSE,FALSE,FALSE
US000,5,332911,18,0,79213,FALSE,TRUE,FALSE
US000,5,332912,18,0,79477,FALSE,TRUE,FALSE
US000,5,332913,18,0,63567,FALSE,TRUE,FALSE
US000,5,332919,18,0,72935,FALSE,TRUE,FALSE
US000,5,33299,17,0,70061,FALSE,FALSE,FALSE
US000,5,332991,18,0,65039,FALSE,TRUE,FALSE
US000,5,332992,18,0,62410,FALSE,TRUE,FALSE
US000,5,332993,18,0,94807,FALSE,TRUE,FALSE
US000,5,332994,18,0,91615,FALSE,TRUE,FALSE
US000,5,332996,18,0,63689,FALSE,TRUE,FALSE
US000,5,332999,18,0,63279,FALSE,TRUE,FALSE
US000,5,333,15,0,77489,FALSE,FALSE,FALSE
US000,5,3331,16,0,76364,FALSE,FALSE,FALSE
US000,5,33311,17,0,65183,FALSE,FALSE,FALSE
US000,5,333111,18,0,69294,FALSE,TRUE,FALSE
US000,5,333112,18,0,51856,FALSE,TRUE,FALSE
US000,5,33312,17,0,76338,FALSE,FALSE,FALSE
US000,5,333120,18,0,76338,FALSE,TRUE,FALSE
US000,5,33313,17,0,94352,FALSE,FALSE,FALSE
US000,5,333131,18,0,74647,FALSE,TRUE,FALSE
US000,5,333132,18,0,98312,FALSE,TRUE,FALSE
US000,5,3332,16,0,101164,FALSE,FALSE,FALSE
US000,5,33324,17,0,101164,FALSE,FALSE,FALSE
US000,5,333241,18,0,73807,FALSE,TRUE,FALSE
US000,5,333242,18,0,196112,FALSE,TRUE,FALSE
US000,5,333243,18,0,72921,FALSE,TRUE,FALSE
US000,5,333244,18,0,70753,FALSE,TRUE,FALSE
US000,5,333249,18,0,76476,FALSE,TRUE,FALSE
US000,5,3333,16,0,83974,FALSE,FALSE,FALSE
US000,5,33331,17,0,83974,FALSE,FALSE,FALSE
US000,5,333314,18,0,95786,FALSE,TRUE,FALSE
US000,5,333316,18,0,93328,FALSE,TRUE,FALSE
US000,5,333318,18,0,78895,FALSE,TRUE,FALSE
US000,5,3334,16,0,63094,FALSE,FALSE,FALSE
US000,5,33341,17,0,63094,FALSE,FALSE,FALSE
US000,5,333413,18,0,60912,FALSE,TRUE,FALSE
US000,5,333414,18,0,62781,FALSE,TRUE,FALSE
US000,5,333415,18,0,63865,FALSE,TRUE,FALSE
US000,5,3335,16,0,67645,FALSE,FALSE,FALSE
US000,5,33351,17,0,67645,FALSE,FALSE,FALSE
US000,5,333511,18,0,63629,FALSE,TRUE,FALSE
US000,5,333514,18,0,66588,FALSE,TRUE,FALSE
US000,5,333515,18,0,66044,FALSE,TRUE,FALSE
US000,5,333517,18,0,70152,FALSE,TRUE,FALSE
US000,5,333519,18,0,78957,FALSE,TRUE,FALSE
US000,5,3336,16,0,86352,FALSE,FALSE,FALSE
US000,5,33361,17,0,86352,FALSE,FALSE,FALSE
US000,5,333611,18,0,101382,FALSE,TRUE,FALSE
US000,5,333612,18,0,68191,FALSE,TRUE,FALSE
US000,5,333613,18,0,67517,FALSE,TRUE,FALSE
US000,5,333618,18,0,89368,FALSE,TRUE,FALSE
US000,5,3339,16,0,75940,FALSE,FALSE,FALSE
US000,5,33391,17,0,80920,FALSE,FALSE,FALSE
US000,5,333912,18,0,86446,FALSE,TRUE,FALSE
US000,5,333914,18,0,77139,FALSE,TRUE,FALSE
US000,5,33392,17,0,71725,FALSE,FALSE,FALSE
US000,5,333921,18,0,79694,FALSE,TRUE,FALSE
US000,5,333922,18,0,74169,FALSE,TRUE,FALSE
US000,5,333923,18,0,69652,FALSE,TRUE,FALSE
US000,5,333924,18,0,66372,FALSE,TRUE,FALSE
US000,5,33399,17,0,77001,FALSE,FALSE,FALSE
US000,5,333991,18,0,74361,FALSE,TRUE,FALSE
US000,5,333992,18,0,83778,FALSE,TRUE,FALSE
US000,5,333993,18,0,78214,FALSE,TRUE,FALSE
US000,5,333994,18,0,75751,FALSE,TRUE,FALSE
US000,5,333995,18,0,66439,FALSE,TRUE,FALSE
US000,5,333996,18,0,89645,FALSE,TRUE,FALSE
US000,5,333997,18,0,77092,FALSE,TRUE,FALSE
US000,5,333999,18,0,73259,FALSE,TRUE,FALSE
US000,5,334,15,0,147729,FALSE,FALSE,FALSE
US000,5,3341,16,0,272391,FALSE,FALSE,FALSE
US000,5,33411,17,0,272391,FALSE,FALSE,FALSE
US000,5,334111,18,0,323073,FALSE,TRUE,FALSE
US000,5,334112,18,0,175079,FALSE,TRUE,FALSE
US000,5,334118,18,0,145517,FALSE,TRUE,FALSE
US000,5,3342,16,0,116585,FALSE,FALSE,FALSE
US000,5,33421,17,0,143375,FALSE,FALSE,FALSE
US000,5,334210,18,0,143375,FALSE,TRUE,FALSE
US000,5,33422,17,0,116224,FALSE,FALSE,FALSE
US000,5,334220,18,0,116224,FALSE,TRUE,FALSE
US000,5,33429,17,0,93392,FALSE,FALSE,FALSE
US000,5,334290,18,0,93392,FALSE,TRUE,FALSE
US000,5,3343,16,0,182279,FALSE,FALSE,FALSE
US000,5,33431,17,0,182279,FALSE,FALSE,FALSE
US000,5,334310,18,0,182279,FALSE,TRUE,FALSE
US000,5,3344,16,0,136881,FALSE,FALSE,FALSE
US000,5,33441,17,0,136881,FALSE,FALSE,FALSE
US000,5,334412,18,0,79476,FALSE,TRUE,FALSE
US000,5,334413,18,0,195745,FALSE,TRUE,FALSE
US000,5,334416,18,0,69420,FALSE,TRUE,FALSE
US000,5,334417,18,0,83074,FALSE,TRUE,FALSE
US000,5,334418,18,0,67356,FALSE,TRUE,FALSE
US000,5,334419,18,0,80890,FALSE,TRUE,FALSE
US000,5,3345,16,0,115534,FALSE,FALSE,FALSE
US000,5,33451,17,0,115534,FALSE,FALSE,FALSE
US000,5,334510,18,0,129247,FALSE,TRUE,FALSE
US000,5,334511,18,0,120108,FALSE,TRUE,FALSE
US000,5,334512,18,0,83231,FALSE,TRUE,FALSE
US000,5,334513,18,0,91632,FALSE,TRUE,FALSE
US000,5,334514,18,0,79042,FALSE,TRUE,FALSE
US000,5,334515,18,0,137270,FALSE,TRUE,FALSE
US000,5,334516,18,0,115997,FALSE,TRUE,FALSE
US000,5,334517,18,0,115598,FALSE,TRUE,FALSE
US000,5,334519,18,0,106578,FALSE,TRUE,FALSE
US000,5,3346,16,0,143450,FALSE,FALSE,FALSE
US000,5,33461,17,0,143450,FALSE,FALSE,FALSE
US000,5,334613,18,0,0,FALSE,TRUE,FALSE
US000,5,334614,18,0,0,FALSE,TRUE,FALSE
US000,5,335,15,0,76028,FALSE,FALSE,FALSE
US000,5,3351,16,0,74774,FALSE,FALSE,FALSE
US000,5,33511,17,0,78215,FALSE,FALSE,FALSE
US000,5,335110,18,0,78215,FALSE,TRUE,FALSE
US000,5,33512,17,0,74187,FALSE,FALSE,FALSE
US000,5,335121,18,0,74156,FALSE,TRUE,FALSE
US000,5,335122,18,0,73776,FALSE,TRUE,FALSE
US000,5,335129,18,0,75346,FALSE,TRUE,FALSE
US000,5,3352,16,0,66767,FALSE,FALSE,FALSE
US000,5,33521,17,0,69006,FALSE,FALSE,FALSE
US000,5,335210,18,0,69006,FALSE,TRUE,FALSE
US000,5,33522,17,0,66232,FALSE,FALSE,FALSE
US000,5,335220,18,0,66232,FALSE,TRUE,FALSE
US000,5,3353,16,0,77563,FALSE,FALSE,FALSE
US000,5,33531,17,0,77563,FALSE,FALSE,FALSE
US000,5,335311,18,0,69820,FALSE,TRUE,FALSE
US000,5,335312,18,0,70821,FALSE,TRUE,FALSE
US000,5,335313,18,0,77081,FALSE,TRUE,FALSE
US000,5,335314,18,0,88538,FALSE,TRUE,FALSE
US000,5,3359,16,0,79327,FALSE,FALSE,FALSE
US000,5,33591,17,0,78425,FALSE,FALSE,FALSE
US000,5,335911,18,0,78282,FALSE,TRUE,FALSE
US000,5,335912,18,0,79520,FALSE,TRUE,FALSE
US000,5,33592,17,0,72536,FALSE,FALSE,FALSE
US000,5,335921,18,0,77447,FALSE,TRUE,FALSE
US000,5,335929,18,0,67473,FALSE,TRUE,FALSE
US000,5,33593,17,0,71924,FALSE,FALSE,FALSE
US000,5,335931,18,0,74344,FALSE,TRUE,FALSE
US000,5,335932,18,0,65392,FALSE,TRUE,FALSE
US000,5,33599,17,0,92418,FALSE,FALSE,FALSE
US000,5,335991,18,0,77928,FALSE,TRUE,FALSE
US000,5,335999,18,0,96367,FALSE,TRUE,FALSE
US000,5,336,15,0,79593,FALSE,FALSE,FALSE
US000,5,3361,16,0,82371,FALSE,FALSE,FALSE
US000,5,33611,17,0,84477,FALSE,FALSE,FALSE
US000,5,336111,18,0,91726,FALSE,TRUE,FALSE
US000,5,336112,18,0,70623,FALSE,TRUE,FALSE
US000,5,33612,17,0,69107,FALSE,FALSE,FALSE
US000,5,336120,18,0,69107,FALSE,TRUE,FALSE
US000,5,3362,16,0,59417,FALSE,FALSE,FALSE
US000,5,33621,17,0,59417,FALSE,FALSE,FALSE
US000,5,336211,18,0,59833,FALSE,TRUE,FALSE
US000,5,336212,18,0,52350,FALSE,TRUE,FALSE
US000,5,336213,18,0,59283,FALSE,TRUE,FALSE
US000,5,336214,18,0,64160,FALSE,TRUE,FALSE
US000,5,3363,16,0,62714,FALSE,FALSE,FALSE
US000,5,33631,17,0,67773,FALSE,FALSE,FALSE
US000,5,336310,18,0,67773,FALSE,TRUE,FALSE
US000,5,33632,17,0,63871,FALSE,FALSE,FALSE
US000,5,336320,18,0,63871,FALSE,TRUE,FALSE
US000,5,33633,17,0,61866,FALSE,FALSE,FALSE
US000,5,336330,18,0,61866,FALSE,TRUE,FALSE
US000,5,33634,17,0,69311,FALSE,FALSE,FALSE
US000,5,336340,18,0,69311,FALSE,TRUE,FALSE
US000,5,33635,17,0,69164,FALSE,FALSE,FALSE
US000,5,336350,18,0,69164,FALSE,TRUE,FALSE
US000,5,33636,17,0,56691,FALSE,FALSE,FALSE
US000,5,336360,18,0,56691,FALSE,TRUE,FALSE
US000,5,33637,17,0,62175,FALSE,FALSE,FALSE
US000,5,336370,18,0,62175,FALSE,TRUE,FALSE
US000,5,33639,17,0,59375,FALSE,FALSE,FALSE
US000,5,336390,18,0,59375,FALSE,TRUE,FALSE
US000,5,3364,16,0,108519,FALSE,FALSE,FALSE
US000,5,33641,17,0,108519,FALSE,FALSE,FALSE
US000,5,336411,18,0,112712,FALSE,TRUE,FALSE
US000,5,336412,18,0,97946,FALSE,TRUE,FALSE
US000,5,336413,18,0,82568,FALSE,TRUE,FALSE
US000,5,336414,18,0,143019,FALSE,TRUE,FALSE
US000,5,336415,18,0,104356,FALSE,TRUE,FALSE
US000,5,336419,18,0,104060,FALSE,TRUE,FALSE
US000,5,3365,16,0,76969,FALSE,FALSE,FALSE
US000,5,33651,17,0,76969,FALSE,FALSE,FALSE
US000,5,336510,18,0,76969,FALSE,TRUE,FALSE
US000,5,3366,16,0,68531,FALSE,FALSE,FALSE
US000,5,33661,17,0,68531,FALSE,FALSE,FALSE
US000,5,336611,18,0,75172,FALSE,TRUE,FALSE
US000,5,336612,18,0,53898,FALSE,TRUE,FALSE
US000,5,3369,16,0,66851,FALSE,FALSE,FALSE
US000,5,33699,17,0,66851,FALSE,FALSE,FALSE
US000,5,336991,18,0,66466,FALSE,TRUE,FALSE
US000,5,336992,18,0,81159,FALSE,TRUE,FALSE
US000,5,336999,18,0,60589,FALSE,TRUE,FALSE
US000,5,337,15,0,51371,FALSE,FALSE,FALSE
US000,5,3371,16,0,47967,FALSE,FALSE,FALSE
US000,5,33711,17,0,48700,FALSE,FALSE,FALSE
US000,5,337110,18,0,48700,FALSE,TRUE,FALSE
US000,5,33712,17,0,47220,FALSE,FALSE,FALSE
US000,5,337121,18,0,44084,FALSE,TRUE,FALSE
US000,5,337122,18,0,44899,FALSE,TRUE,FALSE
US000,5,337124,18,0,53910,FALSE,TRUE,FALSE
US000,5,337125,18,0,52392,FALSE,TRUE,FALSE
US000,5,337127,18,0,55396,FALSE,TRUE,FALSE
US000,5,3372,16,0,58758,FALSE,FALSE,FALSE
US000,5,33721,17,0,58758,FALSE,FALSE,FALSE
US000,5,337211,18,0,56423,FALSE,TRUE,FALSE
US000,5,337212,18,0,59119,FALSE,TRUE,FALSE
US000,5,337214,18,0,67394,FALSE,TRUE,FALSE
US000,5,337215,18,0,54924,FALSE,TRUE,FALSE
US000,5,3379,16,0,53945,FALSE,FALSE,FALSE
US000,5,33791,17,0,54260,FALSE,FALSE,FALSE
US000,5,337910,18,0,54260,FALSE,TRUE,FALSE
US000,5,33792,17,0,53210,FALSE,FALSE,FALSE
US000,5,337920,18,0,53210,FALSE,TRUE,FALSE
US000,5,339,15,0,72730,FALSE,FALSE,FALSE
US000,5,3391,16,0,82662,FALSE,FALSE,FALSE
US000,5,33911,17,0,82662,FALSE,FALSE,FALSE
US000,5,339112,18,0,94455,FALSE,TRUE,FALSE
US000,5,339113,18,0,83412,FALSE,TRUE,FALSE
US000,5,339114,18,0,73848,FALSE,TRUE,FALSE
US000,5,339115,18,0,73565,FALSE,TRUE,FALSE
US000,5,339116,18,0,51586,FALSE,TRUE,FALSE
US000,5,3399,16,0,61339,FALSE,FALSE,FALSE
US000,5,33991,17,0,56396,FALSE,FALSE,FALSE
US000,5,339910,18,0,56396,FALSE,TRUE,FALSE
US000,5,33992,17,0,64494,FALSE,FALSE,FALSE
US000,5,339920,18,0,64494,FALSE,TRUE,FALSE
US000,5,33993,17,0,94224,FALSE,FALSE,FALSE
US000,5,339930,18,0,94224,FALSE,TRUE,FALSE
US000,5,33994,17,0,58819,FALSE,FALSE,FALSE
US000,5,339940,18,0,58819,FALSE,TRUE,FALSE
US000,5,33995,17,0,54720,FALSE,FALSE,FALSE
US000,5,339950,18,0,54720,FALSE,TRUE,FALSE
US000,5,33999,17,0,62111,FALSE,FALSE,FALSE
US000,5,339991,18,0,66318,FALSE,TRUE,FALSE
US000,5,339992,18,0,57341,FALSE,TRUE,FALSE
US000,5,339993,18,0,63251,FALSE,TRUE,FALSE
US000,5,339994,18,0,56640,FALSE,TRUE,FALSE
US000,5,339995,18,0,55373,FALSE,TRUE,FALSE
US000,5,339999,18,0,62090,FALSE,TRUE,FALSE
US000,5,42,14,0,90348,TRUE,FALSE,FALSE
US000,5,423,15,0,91069,FALSE,FALSE,FALSE
US000,5,4231,16,0,68983,FALSE,FALSE,FALSE
US000,5,42311,17,0,76839,FALSE,FALSE,FALSE
US000,5,423110,18,0,76839,FALSE,TRUE,FALSE
US000,5,42312,17,0,65698,FALSE,FALSE,FALSE
US000,5,423120,18,0,65698,FALSE,TRUE,FALSE
US000,5,42313,17,0,66893,FALSE,FALSE,FALSE
US000,5,423130,18,0,66893,FALSE,TRUE,FALSE
US000,5,42314,17,0,52974,FALSE,FALSE,FALSE
US000,5,423140,18,0,52974,FALSE,TRUE,FALSE
US000,5,4232,16,0,74616,FALSE,FALSE,FALSE
US000,5,42321,17,0,76293,FALSE,FALSE,FALSE
US000,5,423210,18,0,76293,FALSE,TRUE,FALSE
US000,5,42322,17,0,73312,FALSE,FALSE,FALSE
US000,5,423220,18,0,73312,FALSE,TRUE,FALSE
US000,5,4233,16,0,76713,FALSE,FALSE,FALSE
US000,5,42331,17,0,79434,FALSE,FALSE,FALSE
US000,5,423310,18,0,79434,FALSE,TRUE,FALSE
US000,5,42332,17,0,69850,FALSE,FALSE,FALSE
US000,5,423320,18,0,69850,FALSE,TRUE,FALSE
US000,5,42333,17,0,80764,FALSE,FALSE,FALSE
US000,5,423330,18,0,80764,FALSE,TRUE,FALSE
US000,5,42339,17,0,75721,FALSE,FALSE,FALSE
US000,5,423390,18,0,75721,FALSE,TRUE,FALSE
US000,5,4234,16,0,125179,FALSE,FALSE,FALSE
US000,5,42341,17,0,112952,FALSE,FALSE,FALSE
US000,5,423410,18,0,112952,FALSE,TRUE,FALSE
US000,5,42342,17,0,77772,FALSE,FALSE,FALSE
US000,5,423420,18,0,77772,FALSE,TRUE,FALSE
US000,5,42343,17,0,164367,FALSE,FALSE,FALSE
US000,5,423430,18,0,164367,FALSE,TRUE,FALSE
US000,5,42344,17,0,74070,FALSE,FALSE,FALSE
US000,5,423440,18,0,74070,FALSE,TRUE,FALSE
US000,5,42345,17,0,121669,FALSE,FALSE,FALSE
US000,5,423450,18,0,121669,FALSE,TRUE,FALSE
US000,5,42346,17,0,91679,FALSE,FALSE,FALSE
US000,5,423460,18,0,91679,FALSE,TRUE,FALSE
US000,5,42349,17,0,104104,FALSE,FALSE,FALSE
US000,5,423490,18,0,104104,FALSE,TRUE,FALSE
US000,5,4235,16,0,87693,FALSE,FALSE,FALSE
US000,5,42351,17,0,86557,FALSE,FALSE,FALSE
US000,5,423510,18,0,86557,FALSE,TRUE,FALSE
US000,5,42352,17,0,139729,FALSE,FALSE,FALSE
US000,5,423520,18,0,139729,FALSE,TRUE,FALSE
US000,5,4236,16,0,104200,FALSE,FALSE,FALSE
US000,5,42361,17,0,89538,FALSE,FALSE,FALSE
US000,5,423610,18,0,89538,FALSE,TRUE,FALSE
US000,5,42362,17,0,109544,FALSE,FALSE,FALSE
US000,5,423620,18,0,109544,FALSE,TRUE,FALSE
US000,5,42369,17,0,121759,FALSE,FALSE,FALSE
US000,5,423690,18,0,121759,FALSE,TRUE,FALSE
US000,5,4237,16,0,80419,FALSE,FALSE,FALSE
US000,5,42371,17,0,71536,FALSE,FALSE,FALSE
US000,5,423710,18,0,71536,FALSE,TRUE,FALSE
US000,5,42372,17,0,79608,FALSE,FALSE,FALSE
US000,5,423720,18,0,79608,FALSE,TRUE,FALSE
US000,5,42373,17,0,92210,FALSE,FALSE,FALSE
US000,5,423730,18,0,92210,FALSE,TRUE,FALSE
US000,5,42374,17,0,80141,FALSE,FALSE,FALSE
US000,5,423740,18,0,80141,FALSE,TRUE,FALSE
US000,5,4238,16,0,82067,FALSE,FALSE,FALSE
US000,5,42381,17,0,87326,FALSE,FALSE,FALSE
US000,5,423810,18,0,87326,FALSE,TRUE,FALSE
US000,5,42382,17,0,68835,FALSE,FALSE,FALSE
US000,5,423820,18,0,68835,FALSE,TRUE,FALSE
US000,5,42383,17,0,87112,FALSE,FALSE,FALSE
US000,5,423830,18,0,87112,FALSE,TRUE,FALSE
US000,5,42384,17,0,81198,FALSE,FALSE,FALSE
US000,5,423840,18,0,81198,FALSE,TRUE,FALSE
US000,5,42385,17,0,63417,FALSE,FALSE,FALSE
US000,5,423850,18,0,63417,FALSE,TRUE,FALSE
US000,5,42386,17,0,95772,FALSE,FALSE,FALSE
US000,5,423860,18,0,95772,FALSE,TRUE,FALSE
US000,5,4239,16,0,73339,FALSE,FALSE,FALSE
US000,5,42391,17,0,75525,FALSE,FALSE,FALSE
US000,5,423910,18,0,75525,FALSE,TRUE,FALSE
US000,5,42392,17,0,92155,FALSE,FALSE,FALSE
US000,5,423920,18,0,92155,FALSE,TRUE,FALSE
US000,5,42393,17,0,63079,FALSE,FALSE,FALSE
US000,5,423930,18,0,63079,FALSE,TRUE,FALSE
US000,5,42394,17,0,75060,FALSE,FALSE,FALSE
US000,5,423940,18,0,75060,FALSE,TRUE,FALSE
US000,5,42399,17,0,78085,FALSE,FALSE,FALSE
US000,5,423990,18,0,78085,FALSE,TRUE,FALSE
US000,5,424,15,0,82953,FALSE,FALSE,FALSE
US000,5,4241,16,0,76499,FALSE,FALSE,FALSE
US000,5,42411,17,0,96223,FALSE,FALSE,FALSE
US000,5,424110,18,0,96223,FALSE,TRUE,FALSE
US000,5,42412,17,0,54393,FALSE,FALSE,FALSE
US000,5,424120,18,0,54393,FALSE,TRUE,FALSE
US000,5,42413,17,0,87657,FALSE,FALSE,FALSE
US000,5,424130,18,0,87657,FALSE,TRUE,FALSE
US000,5,4242,16,0,143802,FALSE,FALSE,FALSE
US000,5,42421,17,0,143802,FALSE,FALSE,FALSE
US000,5,424210,18,0,143802,FALSE,TRUE,FALSE
US000,5,4243,16,0,82400,FALSE,FALSE,FALSE
US000,5,42431,17,0,66388,FALSE,FALSE,FALSE
US000,5,424310,18,0,66388,FALSE,TRUE,FALSE
US000,5,42432,17,0,75303,FALSE,FALSE,FALSE
US000,5,424320,18,0,75303,FALSE,TRUE,FALSE
US000,5,42433,17,0,85906,FALSE,FALSE,FALSE
US000,5,424330,18,0,85906,FALSE,TRUE,FALSE
US000,5,42434,17,0,96412,FALSE,FALSE,FALSE
US000,5,424340,18,0,96412,FALSE,TRUE,FALSE
US000,5,4244,16,0,69221,FALSE,FALSE,FALSE
US000,5,42441,17,0,69954,FALSE,FALSE,FALSE
US000,5,424410,18,0,69954,FALSE,TRUE,FALSE
US000,5,42442,17,0,76864,FALSE,FALSE,FALSE
US000,5,424420,18,0,76864,FALSE,TRUE,FALSE
US000,5,42443,17,0,70465,FALSE,FALSE,FALSE
US000,5,424430,18,0,70465,FALSE,TRUE,FALSE
US000,5,42444,17,0,64664,FALSE,FALSE,FALSE
US000,5,424440,18,0,64664,FALSE,TRUE,FALSE
US000,5,42445,17,0,67590,FALSE,FALSE,FALSE
US000,5,424450,18,0,67590,FALSE,TRUE,FALSE
US000,5,42446,17,0,62906,FALSE,FALSE,FALSE
US000,5,424460,18,0,62906,FALSE,TRUE,FALSE
US000,5,42447,17,0,69421,FALSE,FALSE,FALSE
US000,5,424470,18,0,69421,FALSE,TRUE,FALSE
US000,5,42448,17,0,62322,FALSE,FALSE,FALSE
US000,5,424480,18,0,62322,FALSE,TRUE,FALSE
US000,5,42449,17,0,71306,FALSE,FALSE,FALSE
US000,5,424490,18,0,71306,FALSE,TRUE,FALSE
US000,5,4245,16,0,56703,FALSE,FALSE,FALSE
US000,5,42451,17,0,66628,FALSE,FALSE,FALSE
US000,5,424510,18,0,66628,FALSE,TRUE,FALSE
US000,5,42452,17,0,27048,FALSE,FALSE,FALSE
US000,5,424520,18,0,27048,FALSE,TRUE,FALSE
US000,5,42459,17,0,63735,FALSE,FALSE,FALSE
US000,5,424590,18,0,63735,FALSE,TRUE,FALSE
US000,5,4246,16,0,99920,FALSE,FALSE,FALSE
US000,5,42461,17,0,98296,FALSE,FALSE,FALSE
US000,5,424610,18,0,98296,FALSE,TRUE,FALSE
US000,5,42469,17,0,100320,FALSE,FALSE,FALSE
US000,5,424690,18,0,100320,FALSE,TRUE,FALSE
US000,5,4247,16,0,96996,FALSE,FALSE,FALSE
US000,5,42471,17,0,87941,FALSE,FALSE,FALSE
US000,5,424710,18,0,87941,FALSE,TRUE,FALSE
US000,5,42472,17,0,101647,FALSE,FALSE,FALSE
US000,5,424720,18,0,101647,FALSE,TRUE,FALSE
US000,5,4248,16,0,80780,FALSE,FALSE,FALSE
US000,5,42481,17,0,63857,FALSE,FALSE,FALSE
US000,5,424810,18,0,63857,FALSE,TRUE,FALSE
US000,5,42482,17,0,101545,FALSE,FALSE,FALSE
US000,5,424820,18,0,101545,FALSE,TRUE,FALSE
US000,5,4249,16,0,66287,FALSE,FALSE,FALSE
US000,5,42491,17,0,72632,FALSE,FALSE,FALSE
US000,5,424910,18,0,72632,FALSE,TRUE,FALSE
US000,5,42492,17,0,56242,FALSE,FALSE,FALSE
US000,5,424920,18,0,56242,FALSE,TRUE,FALSE
US000,5,42493,17,0,47203,FALSE,FALSE,FALSE
US000,5,424930,18,0,47203,FALSE,TRUE,FALSE
US000,5,42494,17,0,66998,FALSE,FALSE,FALSE
US000,5,424940,18,0,66998,FALSE,TRUE,FALSE
US000,5,42495,17,0,74567,FALSE,FALSE,FALSE
US000,5,424950,18,0,74567,FALSE,TRUE,FALSE
US000,5,42499,17,0,69110,FALSE,FALSE,FALSE
US000,5,424990,18,0,69110,FALSE,TRUE,FALSE
US000,5,425,15,0,116786,FALSE,FALSE,FALSE
US000,5,4251,16,0,116786,FALSE,FALSE,FALSE
US000,5,42511,17,0,110304,FALSE,FALSE,FALSE
US000,5,425110,18,0,110304,FALSE,TRUE,FALSE
US000,5,42512,17,0,117204,FALSE,FALSE,FALSE
US000,5,425120,18,0,117204,FALSE,TRUE,FALSE
US000,5,44-45,14,0,39741,TRUE,FALSE,FALSE
US000,5,441,15,0,67661,FALSE,FALSE,FALSE
US000,5,4411,16,0,79764,FALSE,FALSE,FALSE
US000,5,44111,17,0,83227,FALSE,FALSE,FALSE
US000,5,441110,18,0,83227,FALSE,TRUE,FALSE
US000,5,44112,17,0,58348,FALSE,FALSE,FALSE
US000,5,441120,18,0,58348,FALSE,TRUE,FALSE
US000,5,4412,16,0,65435,FALSE,FALSE,FALSE
US000,5,44121,17,0,81369,FALSE,FALSE,FALSE
US000,5,441210,18,0,81369,FALSE,TRUE,FALSE
US000,5,44122,17,0,57917,FALSE,FALSE,FALSE
US000,5,441222,18,0,63242,FALSE,TRUE,FALSE
US000,5,441228,18,0,55154,FALSE,TRUE,FALSE
US000,5,4413,16,0,41188,FALSE,FALSE,FALSE
US000,5,44131,17,0,37550,FALSE,FALSE,FALSE
US000,5,441310,18,0,37550,FALSE,TRUE,FALSE
US000,5,44132,17,0,48707,FALSE,FALSE,FALSE
US000,5,441320,18,0,48707,FALSE,TRUE,FALSE
US000,5,442,15,0,47431,FALSE,FALSE,FALSE
US000,5,4421,16,0,54368,FALSE,FALSE,FALSE
US000,5,44211,17,0,54368,FALSE,FALSE,FALSE
US000,5,442110,18,0,54368,FALSE,TRUE,FALSE
US000,5,4422,16,0,40916,FALSE,FALSE,FALSE
US000,5,44221,17,0,62049,FALSE,FALSE,FALSE
US000,5,442210,18,0,62049,FALSE,TRUE,FALSE
US000,5,44229,17,0,31648,FALSE,FALSE,FALSE
US000,5,442291,18,0,56241,FALSE,TRUE,FALSE
US000,5,442299,18,0,29873,FALSE,TRUE,FALSE
US000,5,443,15,0,59755,FALSE,FALSE,FALSE
US000,5,4431,16,0,59755,FALSE,FALSE,FALSE
US000,5,44314,17,0,59755,FALSE,FALSE,FALSE
US000,5,443141,18,0,53751,FALSE,TRUE,FALSE
US000,5,443142,18,0,60492,FALSE,TRUE,FALSE
US000,5,444,15,0,39360,FALSE,FALSE,FALSE
US000,5,4441,16,0,39806,FALSE,FALSE,FALSE
US000,5,44411,17,0,33111,FALSE,FALSE,FALSE
US000,5,444110,18,0,33111,FALSE,TRUE,FALSE
US000,5,44412,17,0,57420,FALSE,FALSE,FALSE
US000,5,444120,18,0,57420,FALSE,TRUE,FALSE
US000,5,44413,17,0,33975,FALSE,FALSE,FALSE
US000,5,444130,18,0,33975,FALSE,TRUE,FALSE
US000,5,44419,17,0,63081,FALSE,FALSE,FALSE
US000,5,444190,18,0,63081,FALSE,TRUE,FALSE
US000,5,4442,16,0,36259,FALSE,FALSE,FALSE
US000,5,44421,17,0,46982,FALSE,FALSE,FALSE
US000,5,444210,18,0,46982,FALSE,TRUE,FALSE
US000,5,44422,17,0,33746,FALSE,FALSE,FALSE
US000,5,444220,18,0,33746,FALSE,TRUE,FALSE
US000,5,445,15,0,28890,FALSE,FALSE,FALSE
US000,5,4451,16,0,28792,FALSE,FALSE,FALSE
US000,5,44511,17,0,29037,FALSE,FALSE,FALSE
US000,5,445110,18,0,29037,FALSE,TRUE,FALSE
US000,5,44512,17,0,24905,FALSE,FALSE,FALSE
US000,5,445120,18,0,24905,FALSE,TRUE,FALSE
US000,5,4452,16,0,30602,FALSE,FALSE,FALSE
US000,5,44521,17,0,31903,FALSE,FALSE,FALSE
US000,5,445210,18,0,31903,FALSE,TRUE,FALSE
US000,5,44522,17,0,34490,FALSE,FALSE,FALSE
US000,5,445220,18,0,34490,FALSE,TRUE,FALSE
US000,5,44523,17,0,33940,FALSE,FALSE,FALSE
US000,5,445230,18,0,33940,FALSE,TRUE,FALSE
US000,5,44529,17,0,28212,FALSE,FALSE,FALSE
US000,5,445291,18,0,31457,FALSE,TRUE,FALSE
US000,5,445292,18,0,23870,FALSE,TRUE,FALSE
US000,5,445299,18,0,28516,FALSE,TRUE,FALSE
US000,5,4453,16,0,28300,FALSE,FALSE,FALSE
US000,5,44531,17,0,28300,FALSE,FALSE,FALSE
US000,5,445310,18,0,28300,FALSE,TRUE,FALSE
US000,5,446,15,0,44326,FALSE,FALSE,FALSE
US000,5,4461,16,0,44326,FALSE,FALSE,FALSE
US000,5,44611,17,0,47124,FALSE,FALSE,FALSE
US000,5,446110,18,0,47124,FALSE,TRUE,FALSE
US000,5,44612,17,0,29128,FALSE,FALSE,FALSE
US000,5,446120,18,0,29128,FALSE,TRUE,FALSE
US000,5,44613,17,0,42512,FALSE,FALSE,FALSE
US000,5,446130,18,0,42512,FALSE,TRUE,FALSE
US000,5,44619,17,0,50266,FALSE,FALSE,FALSE
US000,5,446191,18,0,39195,FALSE,TRUE,FALSE
US000,5,446199,18,0,58181,FALSE,TRUE,FALSE
US000,5,447,15,0,26900,FALSE,FALSE,FALSE
US000,5,4471,16,0,26900,FALSE,FALSE,FALSE
US000,5,44711,17,0,26152,FALSE,FALSE,FALSE
US000,5,447110,18,0,26152,FALSE,TRUE,FALSE
US000,5,44719,17,0,33481,FALSE,FALSE,FALSE
US000,5,447190,18,0,33481,FALSE,TRUE,FALSE
US000,5,448,15,0,28885,FALSE,FALSE,FALSE
US000,5,4481,16,0,26035,FALSE,FALSE,FALSE
US000,5,44811,17,0,38258,FALSE,FALSE,FALSE
US000,5,448110,18,0,38258,FALSE,TRUE,FALSE
US000,5,44812,17,0,25979,FALSE,FALSE,FALSE
US000,5,448120,18,0,25979,FALSE,TRUE,FALSE
US000,5,44813,17,0,22957,FALSE,FALSE,FALSE
US000,5,448130,18,0,22957,FALSE,TRUE,FALSE
US000,5,44814,17,0,23887,FALSE,FALSE,FALSE
US000,5,448140,18,0,23887,FALSE,TRUE,FALSE
US000,5,44815,17,0,34414,FALSE,FALSE,FALSE
US000,5,448150,18,0,34414,FALSE,TRUE,FALSE
US000,5,44819,17,0,27236,FALSE,FALSE,FALSE
US000,5,448190,18,0,27236,FALSE,TRUE,FALSE
US000,5,4482,16,0,27062,FALSE,FALSE,FALSE
US000,5,44821,17,0,27062,FALSE,FALSE,FALSE
US000,5,448210,18,0,27062,FALSE,TRUE,FALSE
US000,5,4483,16,0,50895,FALSE,FALSE,FALSE
US000,5,44831,17,0,50249,FALSE,FALSE,FALSE
US000,5,448310,18,0,50249,FALSE,TRUE,FALSE
US000,5,44832,17,0,57395,FALSE,FALSE,FALSE
US000,5,448320,18,0,57395,FALSE,TRUE,FALSE
US000,5,451,15,0,27395,FALSE,FALSE,FALSE
US000,5,4511,16,0,27713,FALSE,FALSE,FALSE
US000,5,45111,17,0,29753,FALSE,FALSE,FALSE
US000,5,451110,18,0,29753,FALSE,TRUE,FALSE
US000,5,45112,17,0,23859,FALSE,FALSE,FALSE
US000,5,451120,18,0,23859,FALSE,TRUE,FALSE
US000,5,45113,17,0,19885,FALSE,FALSE,FALSE
US000,5,451130,18,0,19885,FALSE,TRUE,FALSE
US000,5,45114,17,0,32933,FALSE,FALSE,FALSE
US000,5,451140,18,0,32933,FALSE,TRUE,FALSE
US000,5,4512,16,0,24902,FALSE,FALSE,FALSE
US000,5,45121,17,0,24902,FALSE,FALSE,FALSE
US000,5,451211,18,0,24340,FALSE,TRUE,FALSE
US000,5,451212,18,0,32593,FALSE,TRUE,FALSE
US000,5,452,15,0,29120,FALSE,FALSE,FALSE
US000,5,4522,16,0,26824,FALSE,FALSE,FALSE
US000,5,45221,17,0,26824,FALSE,FALSE,FALSE
US000,5,452210,18,0,26824,FALSE,TRUE,FALSE
US000,5,4523,16,0,30144,FALSE,FALSE,FALSE
US000,5,45231,17,0,30144,FALSE,FALSE,FALSE
US000,5,452311,18,0,32732,FALSE,TRUE,FALSE
US000,5,452319,18,0,22179,FALSE,TRUE,FALSE
US000,5,453,15,0,33000,FALSE,FALSE,FALSE
US000,5,4531,16,0,25176,FALSE,FALSE,FALSE
US000,5,45311,17,0,25176,FALSE,FALSE,FALSE
US000,5,453110,18,0,25176,FALSE,TRUE,FALSE
US000,5,4532,16,0,30641,FALSE,FALSE,FALSE
US000,5,45321,17,0,42390,FALSE,FALSE,FALSE
US000,5,453210,18,0,42390,FALSE,TRUE,FALSE
US000,5,45322,17,0,23249,FALSE,FALSE,FALSE
US000,5,453220,18,0,23249,FALSE,TRUE,FALSE
US000,5,4533,16,0,26029,FALSE,FALSE,FALSE
US000,5,45331,17,0,26029,FALSE,FALSE,FALSE
US000,5,453310,18,0,26029,FALSE,TRUE,FALSE
US000,5,4539,16,0,38400,FALSE,FALSE,FALSE
US000,5,45391,17,0,31142,FALSE,FALSE,FALSE
US000,5,453910,18,0,31142,FALSE,TRUE,FALSE
US000,5,45392,17,0,68111,FALSE,FALSE,FALSE
US000,5,453920,18,0,68111,FALSE,TRUE,FALSE
US000,5,45393,17,0,76188,FALSE,FALSE,FALSE
US000,5,453930,18,0,76188,FALSE,TRUE,FALSE
US000,5,45399,17,0,38012,FALSE,FALSE,FALSE
US000,5,453991,18,0,27187,FALSE,TRUE,FALSE
US000,5,453998,18,0,40908,FALSE,TRUE,FALSE
US000,5,454,15,0,88892,FALSE,FALSE,FALSE
US000,5,4541,16,0,99709,FALSE,FALSE,FALSE
US000,5,45411,17,0,99709,FALSE,FALSE,FALSE
US000,5,454110,18,0,99709,FALSE,TRUE,FALSE
US000,5,4542,16,0,43584,FALSE,FALSE,FALSE
US000,5,45421,17,0,43584,FALSE,FALSE,FALSE
US000,5,454210,18,0,43584,FALSE,TRUE,FALSE
US000,5,4543,16,0,62125,FALSE,FALSE,FALSE
US000,5,45431,17,0,63347,FALSE,FALSE,FALSE
US000,5,454310,18,0,63347,FALSE,TRUE,FALSE
US000,5,45439,17,0,60754,FALSE,FALSE,FALSE
US000,5,454390,18,0,60754,FALSE,TRUE,FALSE
US000,5,48-49,14,0,57956,TRUE,FALSE,FALSE
US000,5,481,15,0,92959,FALSE,FALSE,FALSE
US000,5,4811,16,0,90462,FALSE,FALSE,FALSE
US000,5,48111,17,0,90462,FALSE,FALSE,FALSE
US000,5,481111,18,0,91146,FALSE,TRUE,FALSE
US000,5,481112,18,0,69538,FALSE,TRUE,FALSE
US000,5,4812,16,0,113729,FALSE,FALSE,FALSE
US000,5,48121,17,0,113729,FALSE,FALSE,FALSE
US000,5,481211,18,0,119536,FALSE,TRUE,FALSE
US000,5,481212,18,0,102991,FALSE,TRUE,FALSE
US000,5,481219,18,0,103006,FALSE,TRUE,FALSE
US000,5,482,15,0,86768,FALSE,FALSE,FALSE
US000,5,4821,16,0,86768,FALSE,FALSE,FALSE
US000,5,48211,17,0,86768,FALSE,FALSE,FALSE
US000,5,482111,18,0,104009,FALSE,TRUE,FALSE
US000,5,482112,18,0,65853,FALSE,TRUE,FALSE
US000,5,483,15,0,94486,FALSE,FALSE,FALSE
US000,5,4831,16,0,103802,FALSE,FALSE,FALSE
US000,5,48311,17,0,103802,FALSE,FALSE,FALSE
US000,5,483111,18,0,127759,FALSE,TRUE,FALSE
US000,5,483112,18,0,96528,FALSE,TRUE,FALSE
US000,5,483113,18,0,99969,FALSE,TRUE,FALSE
US000,5,483114,18,0,68519,FALSE,TRUE,FALSE
US000,5,4832,16,0,81976,FALSE,FALSE,FALSE
US000,5,48321,17,0,81976,FALSE,FALSE,FALSE
US000,5,483211,18,0,85934,FALSE,TRUE,FALSE
US000,5,483212,18,0,58037,FALSE,TRUE,FALSE
US000,5,484,15,0,59820,FALSE,FALSE,FALSE
US000,5,4841,16,0,60223,FALSE,FALSE,FALSE
US000,5,48411,17,0,55391,FALSE,FALSE,FALSE
US000,5,484110,18,0,55391,FALSE,TRUE,FALSE
US000,5,48412,17,0,61976,FALSE,FALSE,FALSE
US000,5,484121,18,0,59320,FALSE,TRUE,FALSE
US000,5,484122,18,0,67132,FALSE,TRUE,FALSE
US000,5,4842,16,0,58871,FALSE,FALSE,FALSE
US000,5,48421,17,0,45036,FALSE,FALSE,FALSE
US000,5,484210,18,0,45036,FALSE,TRUE,FALSE
US000,5,48422,17,0,59249,FALSE,FALSE,FALSE
US000,5,484220,18,0,59249,FALSE,TRUE,FALSE
US000,5,48423,17,0,69006,FALSE,FALSE,FALSE
US000,5,484230,18,0,69006,FALSE,TRUE,FALSE
US000,5,485,15,0,45382,FALSE,FALSE,FALSE
US000,5,4851,16,0,54081,FALSE,FALSE,FALSE
US000,5,48511,17,0,54081,FALSE,FALSE,FALSE
US000,5,485111,18,0,56464,FALSE,TRUE,FALSE
US000,5,485112,18,0,75468,FALSE,TRUE,FALSE
US000,5,485113,18,0,52670,FALSE,TRUE,FALSE
US000,5,485119,18,0,64349,FALSE,TRUE,FALSE
US000,5,4852,16,0,48398,FALSE,FALSE,FALSE
US000,5,48521,17,0,48398,FALSE,FALSE,FALSE
US000,5,485210,18,0,48398,FALSE,TRUE,FALSE
US000,5,4853,16,0,99847,FALSE,FALSE,FALSE
US000,5,48531,17,0,152663,FALSE,FALSE,FALSE
US000,5,485310,18,0,152663,FALSE,TRUE,FALSE
US000,5,48532,17,0,35624,FALSE,FALSE,FALSE
US000,5,485320,18,0,35624,FALSE,TRUE,FALSE
US000,5,4854,16,0,30400,FALSE,FALSE,FALSE
US000,5,48541,17,0,30400,FALSE,FALSE,FALSE
US000,5,485410,18,0,30400,FALSE,TRUE,FALSE
US000,5,4855,16,0,42072,FALSE,FALSE,FALSE
US000,5,48551,17,0,42072,FALSE,FALSE,FALSE
US000,5,485510,18,0,42072,FALSE,TRUE,FALSE
US000,5,4859,16,0,41498,FALSE,FALSE,FALSE
US000,5,48599,17,0,41498,FALSE,FALSE,FALSE
US000,5,485991,18,0,37242,FALSE,TRUE,FALSE
US000,5,485999,18,0,50827,FALSE,TRUE,FALSE
US000,5,486,15,0,135858,FALSE,FALSE,FALSE
US000,5,4861,16,0,128419,FALSE,FALSE,FALSE
US000,5,48611,17,0,128419,FALSE,FALSE,FALSE
US000,5,486110,18,0,128419,FALSE,TRUE,FALSE
US000,5,4862,16,0,141894,FALSE,FALSE,FALSE
US000,5,48621,17,0,141894,FALSE,FALSE,FALSE
US000,5,486210,18,0,141894,FALSE,TRUE,FALSE
US000,5,4869,16,0,123847,FALSE,FALSE,FALSE
US000,5,48691,17,0,125456,FALSE,FALSE,FALSE
US000,5,486910,18,0,125456,FALSE,TRUE,FALSE
US000,5,48699,17,0,107496,FALSE,FALSE,FALSE
US000,5,486990,18,0,107496,FALSE,TRUE,FALSE
US000,5,487,15,0,40591,FALSE,FALSE,FALSE
US000,5,4871,16,0,39325,FALSE,FALSE,FALSE
US000,5,48711,17,0,39325,FALSE,FALSE,FALSE
US000,5,487110,18,0,39325,FALSE,TRUE,FALSE
US000,5,4872,16,0,39025,FALSE,FALSE,FALSE
US000,5,48721,17,0,39025,FALSE,FALSE,FALSE
US000,5,487210,18,0,39025,FALSE,TRUE,FALSE
US000,5,4879,16,0,54864,FALSE,FALSE,FALSE
US000,5,48799,17,0,54864,FALSE,FALSE,FALSE
US000,5,487990,18,0,54864,FALSE,TRUE,FALSE
US000,5,488,15,0,66975,FALSE,FALSE,FALSE
US000,5,4881,16,0,57850,FALSE,FALSE,FALSE
US000,5,48811,17,0,39544,FALSE,FALSE,FALSE
US000,5,488111,18,0,76195,FALSE,TRUE,FALSE
US000,5,488119,18,0,38679,FALSE,TRUE,FALSE
US000,5,48819,17,0,71550,FALSE,FALSE,FALSE
US000,5,488190,18,0,71550,FALSE,TRUE,FALSE
US000,5,4882,16,0,61747,FALSE,FALSE,FALSE
US000,5,48821,17,0,61747,FALSE,FALSE,FALSE
US000,5,488210,18,0,61747,FALSE,TRUE,FALSE
US000,5,4883,16,0,90573,FALSE,FALSE,FALSE
US000,5,48831,17,0,80004,FALSE,FALSE,FALSE
US000,5,488310,18,0,80004,FALSE,TRUE,FALSE
US000,5,48832,17,0,92882,FALSE,FALSE,FALSE
US000,5,488320,18,0,92882,FALSE,TRUE,FALSE
US000,5,48833,17,0,89232,FALSE,FALSE,FALSE
US000,5,488330,18,0,89232,FALSE,TRUE,FALSE
US000,5,48839,17,0,82595,FALSE,FALSE,FALSE
US000,5,488390,18,0,82595,FALSE,TRUE,FALSE
US000,5,4884,16,0,49387,FALSE,FALSE,FALSE
US000,5,48841,17,0,48119,FALSE,FALSE,FALSE
US000,5,488410,18,0,48119,FALSE,TRUE,FALSE
US000,5,48849,17,0,51487,FALSE,FALSE,FALSE
US000,5,488490,18,0,51487,FALSE,TRUE,FALSE
US000,5,4885,16,0,76177,FALSE,FALSE,FALSE
US000,5,48851,17,0,76177,FALSE,FALSE,FALSE
US000,5,488510,18,0,76177,FALSE,TRUE,FALSE
US000,5,4889,16,0,54114,FALSE,FALSE,FALSE
US000,5,48899,17,0,54114,FALSE,FALSE,FALSE
US000,5,488991,18,0,45331,FALSE,TRUE,FALSE
US000,5,488999,18,0,67845,FALSE,TRUE,FALSE
US000,5,491,15,0,37581,FALSE,FALSE,FALSE
US000,5,4911,16,0,37581,FALSE,FALSE,FALSE
US000,5,49111,17,0,37581,FALSE,FALSE,FALSE
US000,5,491110,18,0,37581,FALSE,TRUE,FALSE
US000,5,492,15,0,51117,FALSE,FALSE,FALSE
US000,5,4921,16,0,49243,FALSE,FALSE,FALSE
US000,5,49211,17,0,49243,FALSE,FALSE,FALSE
US000,5,492110,18,0,49243,FALSE,TRUE,FALSE
US000,5,4922,16,0,61331,FALSE,FALSE,FALSE
US000,5,49221,17,0,61331,FALSE,FALSE,FALSE
US000,5,492210,18,0,61331,FALSE,TRUE,FALSE
US000,5,493,15,0,46920,FALSE,FALSE,FALSE
US000,5,4931,16,0,46920,FALSE,FALSE,FALSE
US000,5,49311,17,0,45944,FALSE,FALSE,FALSE
US000,5,493110,18,0,45944,FALSE,TRUE,FALSE
US000,5,49312,17,0,58606,FALSE,FALSE,FALSE
US000,5,493120,18,0,58606,FALSE,TRUE,FALSE
US000,5,49313,17,0,53979,FALSE,FALSE,FALSE
US000,5,493130,18,0,53979,FALSE,TRUE,FALSE
US000,5,49319,17,0,60881,FALSE,FALSE,FALSE
US000,5,493190,18,0,60881,FALSE,TRUE,FALSE
US000,5,51,14,0,152651,TRUE,FALSE,FALSE
US000,5,511,15,0,168793,FALSE,FALSE,FALSE
US000,5,5111,16,0,85189,FALSE,FALSE,FALSE
US000,5,51111,17,0,63720,FALSE,FALSE,FALSE
US000,5,511110,18,0,63720,FALSE,TRUE,FALSE
US000,5,51112,17,0,108215,FALSE,FALSE,FALSE
US000,5,511120,18,0,108215,FALSE,TRUE,FALSE
US000,5,51113,17,0,98591,FALSE,FALSE,FALSE
US000,5,511130,18,0,98591,FALSE,TRUE,FALSE
US000,5,51114,17,0,87586,FALSE,FALSE,FALSE
US000,5,511140,18,0,87586,FALSE,TRUE,FALSE
US000,5,51119,17,0,76738,FALSE,FALSE,FALSE
US000,5,511191,18,0,59024,FALSE,TRUE,FALSE
US000,5,511199,18,0,83559,FALSE,TRUE,FALSE
US000,5,5112,16,0,205754,FALSE,FALSE,FALSE
US000,5,51121,17,0,205754,FALSE,FALSE,FALSE
US000,5,511210,18,0,205754,FALSE,TRUE,FALSE
US000,5,512,15,0,96259,FALSE,FALSE,FALSE
US000,5,5121,16,0,95781,FALSE,FALSE,FALSE
US000,5,51211,17,0,118053,FALSE,FALSE,FALSE
US000,5,512110,18,0,118053,FALSE,TRUE,FALSE
US000,5,51212,17,0,152116,FALSE,FALSE,FALSE
US000,5,512120,18,0,152116,FALSE,TRUE,FALSE
US000,5,51213,17,0,17999,FALSE,FALSE,FALSE
US000,5,512131,18,0,18110,FALSE,TRUE,FALSE
US000,5,512132,18,0,13629,FALSE,TRUE,FALSE
US000,5,51219,17,0,102638,FALSE,FALSE,FALSE
US000,5,512191,18,0,106264,FALSE,TRUE,FALSE
US000,5,512199,18,0,82038,FALSE,TRUE,FALSE
US000,5,5122,16,0,105231,FALSE,FALSE,FALSE
US000,5,51223,17,0,106380,FALSE,FALSE,FALSE
US000,5,512230,18,0,106380,FALSE,TRUE,FALSE
US000,5,51224,17,0,64168,FALSE,FALSE,FALSE
US000,5,512240,18,0,64168,FALSE,TRUE,FALSE
US000,5,51225,17,0,140671,FALSE,FALSE,FALSE
US000,5,512250,18,0,140671,FALSE,TRUE,FALSE
US000,5,51229,17,0,80421,FALSE,FALSE,FALSE
US000,5,512290,18,0,80421,FALSE,TRUE,FALSE
US000,5,515,15,0,107120,FALSE,FALSE,FALSE
US000,5,5151,16,0,98992,FALSE,FALSE,FALSE
US000,5,51511,17,0,74793,FALSE,FALSE,FALSE
US000,5,515111,18,0,100245,FALSE,TRUE,FALSE
US000,5,515112,18,0,67677,FALSE,TRUE,FALSE
US000,5,51512,17,0,112159,FALSE,FALSE,FALSE
US000,5,515120,18,0,112159,FALSE,TRUE,FALSE
US000,5,5152,16,0,140924,FALSE,FALSE,FALSE
US000,5,51521,17,0,140924,FALSE,FALSE,FALSE
US000,5,515210,18,0,140924,FALSE,TRUE,FALSE
US000,5,517,15,0,105082,FALSE,FALSE,FALSE
US000,5,5173,16,0,101787,FALSE,FALSE,FALSE
US000,5,51731,17,0,101787,FALSE,FALSE,FALSE
US000,5,517311,18,0,102242,FALSE,TRUE,FALSE
US000,5,517312,18,0,99517,FALSE,TRUE,FALSE
US000,5,5174,16,0,111203,FALSE,FALSE,FALSE
US000,5,51741,17,0,111203,FALSE,FALSE,FALSE
US000,5,517410,18,0,111203,FALSE,TRUE,FALSE
US000,5,5179,16,0,127740,FALSE,FALSE,FALSE
US000,5,51791,17,0,127740,FALSE,FALSE,FALSE
US000,5,517911,18,0,93670,FALSE,TRUE,FALSE
US000,5,517919,18,0,172086,FALSE,TRUE,FALSE
US000,5,518,15,0,155180,FALSE,FALSE,FALSE
US000,5,5182,16,0,155180,FALSE,FALSE,FALSE
US000,5,51821,17,0,155180,FALSE,FALSE,FALSE
US000,5,518210,18,0,155180,FALSE,TRUE,FALSE
US000,5,519,15,0,282236,FALSE,FALSE,FALSE
US000,5,5191,16,0,282236,FALSE,FALSE,FALSE
US000,5,51911,17,0,141788,FALSE,FALSE,FALSE
US000,5,519110,18,0,141788,FALSE,TRUE,FALSE
US000,5,51912,17,0,46534,FALSE,FALSE,FALSE
US000,5,519120,18,0,46534,FALSE,TRUE,FALSE
US000,5,51913,17,0,314098,FALSE,FALSE,FALSE
US000,5,519130,18,0,314098,FALSE,TRUE,FALSE
US000,5,51919,17,0,199109,FALSE,FALSE,FALSE
US000,5,519190,18,0,199109,FALSE,TRUE,FALSE
US000,5,52,14,0,131621,TRUE,FALSE,TRUE
US000,5,521,15,0,139377,FALSE,FALSE,TRUE
US000,5,5211,16,0,139377,FALSE,FALSE,TRUE
US000,5,52111,17,0,139377,FALSE,FALSE,TRUE
US000,5,521110,18,0,139377,FALSE,TRUE,TRUE
US000,5,522,15,0,109011,FALSE,FALSE,TRUE
US000,5,5221,16,0,95283,FALSE,FALSE,TRUE
US000,5,52211,17,0,102317,FALSE,FALSE,TRUE
US000,5,522110,18,0,102317,FALSE,TRUE,TRUE
US000,5,52212,17,0,84686,FALSE,FALSE,TRUE
US000,5,522120,18,0,84686,FALSE,TRUE,TRUE
US000,5,52213,17,0,64400,FALSE,FALSE,TRUE
US000,5,522130,18,0,64400,FALSE,TRUE,TRUE
US000,5,52219,17,0,105743,FALSE,FALSE,TRUE
US000,5,522190,18,0,105743,FALSE,TRUE,TRUE
US000,5,5222,16,0,125266,FALSE,FALSE,TRUE
US000,5,52221,17,0,120149,FALSE,FALSE,TRUE
US000,5,522210,18,0,120149,FALSE,TRUE,TRUE
US000,5,52222,17,0,109139,FALSE,FALSE,TRUE
US000,5,522220,18,0,109139,FALSE,TRUE,TRUE
US000,5,52229,17,0,129140,FALSE,FALSE,TRUE
US000,5,522291,18,0,98130,FALSE,TRUE,TRUE
US000,5,522292,18,0,145963,FALSE,TRUE,TRUE
US000,5,522293,18,0,182373,FALSE,TRUE,TRUE
US000,5,522294,18,0,153175,FALSE,TRUE,TRUE
US000,5,522298,18,0,89756,FALSE,TRUE,TRUE
US000,5,5223,16,0,150421,FALSE,FALSE,TRUE
US000,5,52231,17,0,135853,FALSE,FALSE,TRUE
US000,5,522310,18,0,135853,FALSE,TRUE,TRUE
US000,5,52232,17,0,198388,FALSE,FALSE,TRUE
US000,5,522320,18,0,198388,FALSE,TRUE,TRUE
US000,5,52239,17,0,96019,FALSE,FALSE,TRUE
US000,5,522390,18,0,96019,FALSE,TRUE,TRUE
US000,5,523,15,0,281139,FALSE,FALSE,TRUE
US000,5,5231,16,0,288829,FALSE,FALSE,TRUE
US000,5,52311,17,0,351788,FALSE,FALSE,TRUE
US000,5,523110,18,0,351788,FALSE,TRUE,TRUE
US000,5,52312,17,0,257585,FALSE,FALSE,TRUE
US000,5,523120,18,0,257585,FALSE,TRUE,TRUE
US000,5,52313,17,0,324479,FALSE,FALSE,TRUE
US000,5,523130,18,0,324479,FALSE,TRUE,TRUE
US000,5,52314,17,0,201243,FALSE,FALSE,TRUE
US000,5,523140,18,0,201243,FALSE,TRUE,TRUE
US000,5,5232,16,0,229742,FALSE,FALSE,TRUE
US000,5,52321,17,0,229742,FALSE,FALSE,TRUE
US000,5,523210,18,0,229742,FALSE,TRUE,TRUE
US000,5,5239,16,0,275197,FALSE,FALSE,TRUE
US000,5,52391,17,0,265671,FALSE,FALSE,TRUE
US000,5,523910,18,0,265671,FALSE,TRUE,TRUE
US000,5,52392,17,0,365891,FALSE,FALSE,TRUE
US000,5,523920,18,0,365891,FALSE,TRUE,TRUE
US000,5,52393,17,0,205075,FALSE,FALSE,TRUE
US000,5,523930,18,0,205075,FALSE,TRUE,TRUE
US000,5,52399,17,0,162886,FALSE,FALSE,TRUE
US000,5,523991,18,0,122828,FALSE,TRUE,TRUE
US000,5,523999,18,0,190467,FALSE,TRUE,TRUE
US000,5,524,15,0,96748,FALSE,FALSE,TRUE
US000,5,5241,16,0,104509,FALSE,FALSE,TRUE
US000,5,52411,17,0,103905,FALSE,FALSE,TRUE
US000,5,524113,18,0,114211,FALSE,TRUE,TRUE
US000,5,524114,18,0,97828,FALSE,TRUE,TRUE
US000,5,52412,17,0,103051,FALSE,FALSE,TRUE
US000,5,524126,18,0,102811,FALSE,TRUE,TRUE
US000,5,524127,18,0,108828,FALSE,TRUE,TRUE
US000,5,524128,18,0,86522,FALSE,TRUE,TRUE
US000,5,52413,17,0,146531,FALSE,FALSE,TRUE
US000,5,524130,18,0,146531,FALSE,TRUE,TRUE
US000,5,5242,16,0,89336,FALSE,FALSE,TRUE
US000,5,52421,17,0,89417,FALSE,FALSE,TRUE
US000,5,524210,18,0,89417,FALSE,TRUE,TRUE
US000,5,52429,17,0,89134,FALSE,FALSE,TRUE
US000,5,524291,18,0,93861,FALSE,TRUE,TRUE
US000,5,524292,18,0,83991,FALSE,TRUE,TRUE
US000,5,524298,18,0,98045,FALSE,TRUE,TRUE
US000,5,525,15,0,165578,FALSE,FALSE,TRUE
US000,5,5251,16,0,94901,FALSE,FALSE,TRUE
US000,5,52511,17,0,99477,FALSE,FALSE,TRUE
US000,5,525110,18,0,99477,FALSE,TRUE,TRUE
US000,5,52512,17,0,86935,FALSE,FALSE,TRUE
US000,5,525120,18,0,86935,FALSE,TRUE,TRUE
US000,5,52519,17,0,101769,FALSE,FALSE,TRUE
US000,5,525190,18,0,101769,FALSE,TRUE,TRUE
US000,5,5259,16,0,211191,FALSE,FALSE,TRUE
US000,5,52591,17,0,251087,FALSE,FALSE,TRUE
US000,5,525910,18,0,251087,FALSE,TRUE,TRUE
US000,5,52592,17,0,176319,FALSE,FALSE,TRUE
US000,5,525920,18,0,176319,FALSE,TRUE,TRUE
US000,5,52599,17,0,214763,FALSE,FALSE,TRUE
US000,5,525990,18,0,214763,FALSE,TRUE,TRUE
US000,5,53,14,0,69893,TRUE,FALSE,FALSE
US000,5,531,15,0,71211,FALSE,FALSE,FALSE
US000,5,5311,16,0,64747,FALSE,FALSE,FALSE
US000,5,53111,17,0,55231,FALSE,FALSE,FALSE
US000,5,531110,18,0,55231,FALSE,TRUE,FALSE
US000,5,53112,17,0,97351,FALSE,FALSE,FALSE
US000,5,531120,18,0,97351,FALSE,TRUE,FALSE
US000,5,53113,17,0,46924,FALSE,FALSE,FALSE
US000,5,531130,18,0,46924,FALSE,TRUE,FALSE
US000,5,53119,17,0,58146,FALSE,FALSE,FALSE
US000,5,531190,18,0,58146,FALSE,TRUE,FALSE
US000,5,5312,16,0,86399,FALSE,FALSE,FALSE
US000,5,53121,17,0,86399,FALSE,FALSE,FALSE
US000,5,531210,18,0,86399,FALSE,TRUE,FALSE
US000,5,5313,16,0,69125,FALSE,FALSE,FALSE
US000,5,53131,17,0,64117,FALSE,FALSE,FALSE
US000,5,531311,18,0,55024,FALSE,TRUE,FALSE
US000,5,531312,18,0,91151,FALSE,TRUE,FALSE
US000,5,53132,17,0,72588,FALSE,FALSE,FALSE
US000,5,531320,18,0,72588,FALSE,TRUE,FALSE
US000,5,53139,17,0,108204,FALSE,FALSE,FALSE
US000,5,531390,18,0,108204,FALSE,TRUE,FALSE
US000,5,532,15,0,62913,FALSE,FALSE,FALSE
US000,5,5321,16,0,55686,FALSE,FALSE,FALSE
US000,5,53211,17,0,52591,FALSE,FALSE,FALSE
US000,5,532111,18,0,47665,FALSE,TRUE,FALSE
US000,5,532112,18,0,98388,FALSE,TRUE,FALSE
US000,5,53212,17,0,59144,FALSE,FALSE,FALSE
US000,5,532120,18,0,59144,FALSE,TRUE,FALSE
US000,5,5322,16,0,50720,FALSE,FALSE,FALSE
US000,5,53221,17,0,52663,FALSE,FALSE,FALSE
US000,5,532210,18,0,52663,FALSE,TRUE,FALSE
US000,5,53228,17,0,50569,FALSE,FALSE,FALSE
US000,5,532281,18,0,43361,FALSE,TRUE,FALSE
US000,5,532282,18,0,85418,FALSE,TRUE,FALSE
US000,5,532283,18,0,56166,FALSE,TRUE,FALSE
US000,5,532284,18,0,35739,FALSE,TRUE,FALSE
US000,5,532289,18,0,50065,FALSE,TRUE,FALSE
US000,5,5323,16,0,58291,FALSE,FALSE,FALSE
US000,5,53231,17,0,58291,FALSE,FALSE,FALSE
US000,5,532310,18,0,58291,FALSE,TRUE,FALSE
US000,5,5324,16,0,82114,FALSE,FALSE,FALSE
US000,5,53241,17,0,85838,FALSE,FALSE,FALSE
US000,5,532411,18,0,143144,FALSE,TRUE,FALSE
US000,5,532412,18,0,82061,FALSE,TRUE,FALSE
US000,5,53242,17,0,95912,FALSE,FALSE,FALSE
US000,5,532420,18,0,95912,FALSE,TRUE,FALSE
US000,5,53249,17,0,75286,FALSE,FALSE,FALSE
US000,5,532490,18,0,75286,FALSE,TRUE,FALSE
US000,5,533,15,0,125082,FALSE,FALSE,FALSE
US000,5,5331,16,0,125082,FALSE,FALSE,FALSE
US000,5,53311,17,0,125082,FALSE,FALSE,FALSE
US000,5,533110,18,0,125082,FALSE,TRUE,FALSE
US000,5,54,14,0,114364,TRUE,FALSE,FALSE
US000,5,541,15,0,114364,FALSE,FALSE,FALSE
US000,5,5411,16,0,115157,FALSE,FALSE,FALSE
US000,5,54111,17,0,119280,FALSE,FALSE,FALSE
US000,5,541110,18,0,119280,FALSE,TRUE,FALSE
US000,5,54119,17,0,74820,FALSE,FALSE,FALSE
US000,5,541191,18,0,72501,FALSE,TRUE,FALSE
US000,5,541199,18,0,79962,FALSE,TRUE,FALSE
US000,5,5412,16,0,86219,FALSE,FALSE,FALSE
US000,5,54121,17,0,86219,FALSE,FALSE,FALSE
US000,5,541211,18,0,101133,FALSE,TRUE,FALSE
US000,5,541213,18,0,42680,FALSE,TRUE,FALSE
US000,5,541214,18,0,95858,FALSE,TRUE,FALSE
US000,5,541219,18,0,67508,FALSE,TRUE,FALSE
US000,5,5413,16,0,100352,FALSE,FALSE,FALSE
US000,5,54131,17,0,96022,FALSE,FALSE,FALSE
US000,5,541310,18,0,96022,FALSE,TRUE,FALSE
US000,5,54132,17,0,67294,FALSE,FALSE,FALSE
US000,5,541320,18,0,67294,FALSE,TRUE,FALSE
US000,5,54133,17,0,107935,FALSE,FALSE,FALSE
US000,5,541330,18,0,107935,FALSE,TRUE,FALSE
US000,5,54134,17,0,63469,FALSE,FALSE,FALSE
US000,5,541340,18,0,63469,FALSE,TRUE,FALSE
US000,5,54135,17,0,60247,FALSE,FALSE,FALSE
US000,5,541350,18,0,60247,FALSE,TRUE,FALSE
US000,5,54136,17,0,99174,FALSE,FALSE,FALSE
US000,5,541360,18,0,99174,FALSE,TRUE,FALSE
US000,5,54137,17,0,68008,FALSE,FALSE,FALSE
US000,5,541370,18,0,68008,FALSE,TRUE,FALSE
US000,5,54138,17,0,84500,FALSE,FALSE,FALSE
US000,5,541380,18,0,84500,FALSE,TRUE,FALSE
US000,5,5414,16,0,80186,FALSE,FALSE,FALSE
US000,5,54141,17,0,64905,FALSE,FALSE,FALSE
US000,5,541410,18,0,64905,FALSE,TRUE,FALSE
US000,5,54142,17,0,115233,FALSE,FALSE,FALSE
US000,5,541420,18,0,115233,FALSE,TRUE,FALSE
US000,5,54143,17,0,75620,FALSE,FALSE,FALSE
US000,5,541430,18,0,75620,FALSE,TRUE,FALSE
US000,5,54149,17,0,95377,FALSE,FALSE,FALSE
US000,5,541490,18,0,95377,FALSE,TRUE,FALSE
US000,5,5415,16,0,144256,FALSE,FALSE,FALSE
US000,5,54151,17,0,144256,FALSE,FALSE,FALSE
US000,5,541511,18,0,156866,FALSE,TRUE,FALSE
US000,5,541512,18,0,133654,FALSE,TRUE,FALSE
US000,5,541513,18,0,128761,FALSE,TRUE,FALSE
US000,5,541519,18,0,141889,FALSE,TRUE,FALSE
US000,5,5416,16,0,110154,FALSE,FALSE,FALSE
US000,5,54161,17,0,112040,FALSE,FALSE,FALSE
US000,5,541611,18,0,125483,FALSE,TRUE,FALSE
US000,5,541612,18,0,106955,FALSE,TRUE,FALSE
US000,5,541613,18,0,95686,FALSE,TRUE,FALSE
US000,5,541614,18,0,83821,FALSE,TRUE,FALSE
US000,5,541618,18,0,106306,FALSE,TRUE,FALSE
US000,5,54162,17,0,85114,FALSE,FALSE,FALSE
US000,5,541620,18,0,85114,FALSE,TRUE,FALSE
US000,5,54169,17,0,108936,FALSE,FALSE,FALSE
US000,5,541690,18,0,108936,FALSE,TRUE,FALSE
US000,5,5417,16,0,161524,FALSE,FALSE,FALSE
US000,5,54171,17,0,167693,FALSE,FALSE,FALSE
US000,5,541713,18,0,132549,FALSE,TRUE,FALSE
US000,5,541714,18,0,214212,FALSE,TRUE,FALSE
US000,5,541715,18,0,145127,FALSE,TRUE,FALSE
US000,5,54172,17,0,86765,FALSE,FALSE,FALSE
US000,5,541720,18,0,86765,FALSE,TRUE,FALSE
US000,5,5418,16,0,98772,FALSE,FALSE,FALSE
US000,5,54181,17,0,117403,FALSE,FALSE,FALSE
US000,5,541810,18,0,117403,FALSE,TRUE,FALSE
US000,5,54182,17,0,124923,FALSE,FALSE,FALSE
US000,5,541820,18,0,124923,FALSE,TRUE,FALSE
US000,5,54183,17,0,118764,FALSE,FALSE,FALSE
US000,5,541830,18,0,118764,FALSE,TRUE,FALSE
US000,5,54184,17,0,114006,FALSE,FALSE,FALSE
US000,5,541840,18,0,114006,FALSE,TRUE,FALSE
US000,5,54185,17,0,71652,FALSE,FALSE,FALSE
US000,5,541850,18,0,71652,FALSE,TRUE,FALSE
US000,5,54186,17,0,67217,FALSE,FALSE,FALSE
US000,5,541860,18,0,67217,FALSE,TRUE,FALSE
US000,5,54187,17,0,69713,FALSE,FALSE,FALSE
US000,5,541870,18,0,69713,FALSE,TRUE,FALSE
US000,5,54189,17,0,50221,FALSE,FALSE,FALSE
US000,5,541890,18,0,50221,FALSE,TRUE,FALSE
US000,5,5419,16,0,65845,FALSE,FALSE,FALSE
US000,5,54191,17,0,117685,FALSE,FALSE,FALSE
US000,5,541910,18,0,117685,FALSE,TRUE,FALSE
US000,5,54192,17,0,39849,FALSE,FALSE,FALSE
US000,5,541921,18,0,33571,FALSE,TRUE,FALSE
US000,5,541922,18,0,58242,FALSE,TRUE,FALSE
US000,5,54193,17,0,52411,FALSE,FALSE,FALSE
US000,5,541930,18,0,52411,FALSE,TRUE,FALSE
US000,5,54194,17,0,48018,FALSE,FALSE,FALSE
US000,5,541940,18,0,48018,FALSE,TRUE,FALSE
US000,5,54199,17,0,93904,FALSE,FALSE,FALSE
US000,5,541990,18,0,93904,FALSE,TRUE,FALSE
US000,5,55,14,0,141628,TRUE,FALSE,FALSE
US000,5,551,15,0,141628,FALSE,FALSE,FALSE
US000,5,5511,16,0,141628,FALSE,FALSE,FALSE
US000,5,55111,17,0,141628,FALSE,FALSE,FALSE
US000,5,551111,18,0,163991,FALSE,TRUE,FALSE
US000,5,551112,18,0,205028,FALSE,TRUE,FALSE
US000,5,551114,18,0,139394,FALSE,TRUE,FALSE
US000,5,56,14,0,50166,TRUE,FALSE,FALSE
US000,5,561,15,0,49243,FALSE,FALSE,FALSE
US000,5,5611,16,0,97699,FALSE,FALSE,FALSE
US000,5,56111,17,0,97699,FALSE,FALSE,FALSE
US000,5,561110,18,0,97699,FALSE,TRUE,FALSE
US000,5,5612,16,0,55137,FALSE,FALSE,FALSE
US000,5,56121,17,0,55137,FALSE,FALSE,FALSE
US000,5,561210,18,0,55137,FALSE,TRUE,FALSE
US000,5,5613,16,0,48614,FALSE,FALSE,FALSE
US000,5,56131,17,0,67318,FALSE,FALSE,FALSE
US000,5,561311,18,0,56864,FALSE,TRUE,FALSE
US000,5,561312,18,0,129347,FALSE,TRUE,FALSE
US000,5,56132,17,0,44840,FALSE,FALSE,FALSE
US000,5,561320,18,0,44840,FALSE,TRUE,FALSE
US000,5,56133,17,0,62972,FALSE,FALSE,FALSE
US000,5,561330,18,0,62972,FALSE,TRUE,FALSE
US000,5,5614,16,0,53205,FALSE,FALSE,FALSE
US000,5,56141,17,0,44169,FALSE,FALSE,FALSE
US000,5,561410,18,0,44169,FALSE,TRUE,FALSE
US000,5,56142,17,0,45125,FALSE,FALSE,FALSE
US000,5,561421,18,0,44649,FALSE,TRUE,FALSE
US000,5,561422,18,0,45166,FALSE,TRUE,FALSE
US000,5,56143,17,0,41688,FALSE,FALSE,FALSE
US000,5,561431,18,0,31701,FALSE,TRUE,FALSE
US000,5,561439,18,0,49506,FALSE,TRUE,FALSE
US000,5,56144,17,0,56134,FALSE,FALSE,FALSE
US000,5,561440,18,0,56134,FALSE,TRUE,FALSE
US000,5,56145,17,0,169165,FALSE,FALSE,FALSE
US000,5,561450,18,0,169165,FALSE,TRUE,FALSE
US000,5,56149,17,0,76094,FALSE,FALSE,FALSE
US000,5,561491,18,0,44626,FALSE,TRUE,FALSE
US000,5,561492,18,0,57484,FALSE,TRUE,FALSE
US000,5,561499,18,0,81316,FALSE,TRUE,FALSE
US000,5,5615,16,0,74910,FALSE,FALSE,FALSE
US000,5,56151,17,0,85496,FALSE,FALSE,FALSE
US000,5,561510,18,0,85496,FALSE,TRUE,FALSE
US000,5,56152,17,0,57075,FALSE,FALSE,FALSE
US000,5,561520,18,0,57075,FALSE,TRUE,FALSE
US000,5,56159,17,0,70281,FALSE,FALSE,FALSE
US000,5,561591,18,0,66865,FALSE,TRUE,FALSE
US000,5,561599,18,0,70653,FALSE,TRUE,FALSE
US000,5,5616,16,0,41301,FALSE,FALSE,FALSE
US000,5,56161,17,0,35680,FALSE,FALSE,FALSE
US000,5,561611,18,0,54662,FALSE,TRUE,FALSE
US000,5,561612,18,0,34104,FALSE,TRUE,FALSE
US000,5,561613,18,0,50064,FALSE,TRUE,FALSE
US000,5,56162,17,0,70082,FALSE,FALSE,FALSE
US000,5,561621,18,0,72662,FALSE,TRUE,FALSE
US000,5,561622,18,0,49419,FALSE,TRUE,FALSE
US000,5,5617,16,0,37039,FALSE,FALSE,FALSE
US000,5,56171,17,0,50411,FALSE,FALSE,FALSE
US000,5,561710,18,0,50411,FALSE,TRUE,FALSE
US000,5,56172,17,0,28991,FALSE,FALSE,FALSE
US000,5,561720,18,0,28991,FALSE,TRUE,FALSE
US000,5,56173,17,0,43663,FALSE,FALSE,FALSE
US000,5,561730,18,0,43663,FALSE,TRUE,FALSE
US000,5,56174,17,0,40366,FALSE,FALSE,FALSE
US000,5,561740,18,0,40366,FALSE,TRUE,FALSE
US000,5,56179,17,0,44280,FALSE,FALSE,FALSE
US000,5,561790,18,0,44280,FALSE,TRUE,FALSE
US000,5,5619,16,0,54520,FALSE,FALSE,FALSE
US000,5,56191,17,0,51980,FALSE,FALSE,FALSE
US000,5,561910,18,0,51980,FALSE,TRUE,FALSE
US000,5,56192,17,0,64915,FALSE,FALSE,FALSE
US000,5,561920,18,0,64915,FALSE,TRUE,FALSE
US000,5,56199,17,0,53561,FALSE,FALSE,FALSE
US000,5,561990,18,0,53561,FALSE,TRUE,FALSE
US000,5,562,15,0,67580,FALSE,FALSE,FALSE
US000,5,5621,16,0,60874,FALSE,FALSE,FALSE
US000,5,56211,17,0,60874,FALSE,FALSE,FALSE
US000,5,562111,18,0,60783,FALSE,TRUE,FALSE
US000,5,562112,18,0,73117,FALSE,TRUE,FALSE
US000,5,562119,18,0,52215,FALSE,TRUE,FALSE
US000,5,5622,16,0,81240,FALSE,FALSE,FALSE
US000,5,56221,17,0,81240,FALSE,FALSE,FALSE
US000,5,562211,18,0,84616,FALSE,TRUE,FALSE
US000,5,562212,18,0,78737,FALSE,TRUE,FALSE
US000,5,562213,18,0,108233,FALSE,TRUE,FALSE
US000,5,562219,18,0,72495,FALSE,TRUE,FALSE
US000,5,5629,16,0,67322,FALSE,FALSE,FALSE
US000,5,56291,17,0,72505,FALSE,FALSE,FALSE
US000,5,562910,18,0,72505,FALSE,TRUE,FALSE
US000,5,56292,17,0,58447,FALSE,FALSE,FALSE
US000,5,562920,18,0,58447,FALSE,TRUE,FALSE
US000,5,56299,17,0,61953,FALSE,FALSE,FALSE
US000,5,562991,18,0,61114,FALSE,TRUE,FALSE
US000,5,562998,18,0,63181,FALSE,TRUE,FALSE
US000,5,61,14,0,58442,TRUE,FALSE,FALSE
US000,5,611,15,0,58442,FALSE,FALSE,FALSE
US000,5,6111,16,0,48157,FALSE,FALSE,FALSE
US000,5,61111,17,0,48157,FALSE,FALSE,FALSE
US000,5,611110,18,0,48157,FALSE,TRUE,FALSE
US000,5,6112,16,0,48737,FALSE,FALSE,FALSE
US000,5,61121,17,0,48737,FALSE,FALSE,FALSE
US000,5,611210,18,0,48737,FALSE,TRUE,FALSE
US000,5,6113,16,0,74960,FALSE,FALSE,FALSE
US000,5,61131,17,0,74960,FALSE,FALSE,FALSE
US000,5,611310,18,0,74960,FALSE,TRUE,FALSE
US000,5,6114,16,0,88640,FALSE,FALSE,FALSE
US000,5,61141,17,0,50576,FALSE,FALSE,FALSE
US000,5,611410,18,0,50576,FALSE,TRUE,FALSE
US000,5,61142,17,0,93455,FALSE,FALSE,FALSE
US000,5,611420,18,0,93455,FALSE,TRUE,FALSE
US000,5,61143,17,0,89360,FALSE,FALSE,FALSE
US000,5,611430,18,0,89360,FALSE,TRUE,FALSE
US000,5,6115,16,0,55847,FALSE,FALSE,FALSE
US000,5,61151,17,0,55847,FALSE,FALSE,FALSE
US000,5,611511,18,0,38257,FALSE,TRUE,FALSE
US000,5,611512,18,0,73418,FALSE,TRUE,FALSE
US000,5,611513,18,0,58134,FALSE,TRUE,FALSE
US000,5,611519,18,0,54107,FALSE,TRUE,FALSE
US000,5,6116,16,0,25828,FALSE,FALSE,FALSE
US000,5,61161,17,0,20934,FALSE,FALSE,FALSE
US000,5,611610,18,0,20934,FALSE,TRUE,FALSE
US000,5,61162,17,0,21806,FALSE,FALSE,FALSE
US000,5,611620,18,0,21806,FALSE,TRUE,FALSE
US000,5,61163,17,0,27716,FALSE,FALSE,FALSE
US000,5,611630,18,0,27716,FALSE,TRUE,FALSE
US000,5,61169,17,0,31823,FALSE,FALSE,FALSE
US000,5,611691,18,0,28506,FALSE,TRUE,FALSE
US000,5,611692,18,0,26541,FALSE,TRUE,FALSE
US000,5,611699,18,0,37489,FALSE,TRUE,FALSE
US000,5,6117,16,0,61987,FALSE,FALSE,FALSE
US000,5,61171,17,0,61987,FALSE,FALSE,FALSE
US000,5,611710,18,0,61987,FALSE,TRUE,FALSE
US000,5,62,14,0,58073,TRUE,FALSE,FALSE
US000,5,621,15,0,70437,FALSE,FALSE,FALSE
US000,5,6211,16,0,101090,FALSE,FALSE,FALSE
US000,5,62111,17,0,101090,FALSE,FALSE,FALSE
US000,5,621111,18,0,101801,FALSE,TRUE,FALSE
US000,5,621112,18,0,71099,FALSE,TRUE,FALSE
US000,5,6212,16,0,58256,FALSE,FALSE,FALSE
US000,5,62121,17,0,58256,FALSE,FALSE,FALSE
US000,5,621210,18,0,58256,FALSE,TRUE,FALSE
US000,5,6213,16,0,47824,FALSE,FALSE,FALSE
US000,5,62131,17,0,38851,FALSE,FALSE,FALSE
US000,5,621310,18,0,38851,FALSE,TRUE,FALSE
US000,5,62132,17,0,48283,FALSE,FALSE,FALSE
US000,5,621320,18,0,48283,FALSE,TRUE,FALSE
US000,5,62133,17,0,45148,FALSE,FALSE,FALSE
US000,5,621330,18,0,45148,FALSE,TRUE,FALSE
US000,5,62134,17,0,48558,FALSE,FALSE,FALSE
US000,5,621340,18,0,48558,FALSE,TRUE,FALSE
US000,5,62139,17,0,55970,FALSE,FALSE,FALSE
US000,5,621391,18,0,53523,FALSE,TRUE,FALSE
US000,5,621399,18,0,56615,FALSE,TRUE,FALSE
US000,5,6214,16,0,73517,FALSE,FALSE,FALSE
US000,5,62141,17,0,58717,FALSE,FALSE,FALSE
US000,5,621410,18,0,58717,FALSE,TRUE,FALSE
US000,5,62142,17,0,49044,FALSE,FALSE,FALSE
US000,5,621420,18,0,49044,FALSE,TRUE,FALSE
US000,5,62149,17,0,83159,FALSE,FALSE,FALSE
US000,5,621491,18,0,120088,FALSE,TRUE,FALSE
US000,5,621492,18,0,64716,FALSE,TRUE,FALSE
US000,5,621493,18,0,67196,FALSE,TRUE,FALSE
US000,5,621498,18,0,71815,FALSE,TRUE,FALSE
US000,5,6215,16,0,80310,FALSE,FALSE,FALSE
US000,5,62151,17,0,80310,FALSE,FALSE,FALSE
US000,5,621511,18,0,81895,FALSE,TRUE,FALSE
US000,5,621512,18,0,75855,FALSE,TRUE,FALSE
US000,5,6216,16,0,36573,FALSE,FALSE,FALSE
US000,5,62161,17,0,36573,FALSE,FALSE,FALSE
US000,5,621610,18,0,36573,FALSE,TRUE,FALSE
US000,5,6219,16,0,57563,FALSE,FALSE,FALSE
US000,5,62191,17,0,49998,FALSE,FALSE,FALSE
US000,5,621910,18,0,49998,FALSE,TRUE,FALSE
US000,5,62199,17,0,65785,FALSE,FALSE,FALSE
US000,5,621991,18,0,55412,FALSE,TRUE,FALSE
US000,5,621999,18,0,76792,FALSE,TRUE,FALSE
US000,5,622,15,0,72982,FALSE,FALSE,FALSE
US000,5,6221,16,0,73520,FALSE,FALSE,FALSE
US000,5,62211,17,0,73520,FALSE,FALSE,FALSE
US000,5,622110,18,0,73520,FALSE,TRUE,FALSE
US000,5,6222,16,0,54596,FALSE,FALSE,FALSE
US000,5,62221,17,0,54596,FALSE,FALSE,FALSE
US000,5,622210,18,0,54596,FALSE,TRUE,FALSE
US000,5,6223,16,0,71728,FALSE,FALSE,FALSE
US000,5,62231,17,0,71728,FALSE,FALSE,FALSE
US000,5,622310,18,0,71728,FALSE,TRUE,FALSE
US000,5,623,15,0,39082,FALSE,FALSE,FALSE
US000,5,6231,16,0,41948,FALSE,FALSE,FALSE
US000,5,62311,17,0,41948,FALSE,FALSE,FALSE
US000,5,623110,18,0,41948,FALSE,TRUE,FALSE
US000,5,6232,16,0,39381,FALSE,FALSE,FALSE
US000,5,62321,17,0,36624,FALSE,FALSE,FALSE
US000,5,623210,18,0,36624,FALSE,TRUE,FALSE
US000,5,62322,17,0,43828,FALSE,FALSE,FALSE
US000,5,623220,18,0,43828,FALSE,TRUE,FALSE
US000,5,6233,16,0,34177,FALSE,FALSE,FALSE
US000,5,62331,17,0,34177,FALSE,FALSE,FALSE
US000,5,623311,18,0,35975,FALSE,TRUE,FALSE
US000,5,623312,18,0,32294,FALSE,TRUE,FALSE
US000,5,6239,16,0,40520,FALSE,FALSE,FALSE
US000,5,62399,17,0,40520,FALSE,FALSE,FALSE
US000,5,623990,18,0,40520,FALSE,TRUE,FALSE
US000,5,624,15,0,29019,FALSE,FALSE,FALSE
US000,5,6241,16,0,27699,FALSE,FALSE,FALSE
US000,5,62411,17,0,40422,FALSE,FALSE,FALSE
US000,5,624110,18,0,40422,FALSE,TRUE,FALSE
US000,5,62412,17,0,22957,FALSE,FALSE,FALSE
US000,5,624120,18,0,22957,FALSE,TRUE,FALSE
US000,5,62419,17,0,43586,FALSE,FALSE,FALSE
US000,5,624190,18,0,43586,FALSE,TRUE,FALSE
US000,5,6242,16,0,46117,FALSE,FALSE,FALSE
US000,5,62421,17,0,42176,FALSE,FALSE,FALSE
US000,5,624210,18,0,42176,FALSE,TRUE,FALSE
US000,5,62422,17,0,43540,FALSE,FALSE,FALSE
US000,5,624221,18,0,39636,FALSE,TRUE,FALSE
US000,5,624229,18,0,51071,FALSE,TRUE,FALSE
US000,5,62423,17,0,61579,FALSE,FALSE,FALSE
US000,5,624230,18,0,61579,FALSE,TRUE,FALSE
US000,5,6243,16,0,33816,FALSE,FALSE,FALSE
US000,5,62431,17,0,33816,FALSE,FALSE,FALSE
US000,5,624310,18,0,33816,FALSE,TRUE,FALSE
US000,5,6244,16,0,27725,FALSE,FALSE,FALSE
US000,5,62441,17,0,27725,FALSE,FALSE,FALSE
US000,5,624410,18,0,27725,FALSE,TRUE,FALSE
US000,5,71,14,0,46244,TRUE,FALSE,FALSE
US000,5,711,15,0,118669,FALSE,FALSE,FALSE
US000,5,7111,16,0,56425,FALSE,FALSE,FALSE
US000,5,71111,17,0,42429,FALSE,FALSE,FALSE
US000,5,711110,18,0,42429,FALSE,TRUE,FALSE
US000,5,71112,17,0,37415,FALSE,FALSE,FALSE
US000,5,711120,18,0,37415,FALSE,TRUE,FALSE
US000,5,71113,17,0,87207,FALSE,FALSE,FALSE
US000,5,711130,18,0,87207,FALSE,TRUE,FALSE
US000,5,71119,17,0,48385,FALSE,FALSE,FALSE
US000,5,711190,18,0,48385,FALSE,TRUE,FALSE
US000,5,7112,16,0,189397,FALSE,FALSE,FALSE
US000,5,71121,17,0,189397,FALSE,FALSE,FALSE
US000,5,711211,18,0,263596,FALSE,TRUE,FALSE
US000,5,711212,18,0,42853,FALSE,TRUE,FALSE
US000,5,711219,18,0,61481,FALSE,TRUE,FALSE
US000,5,7113,16,0,53420,FALSE,FALSE,FALSE
US000,5,71131,17,0,47176,FALSE,FALSE,FALSE
US000,5,711310,18,0,47176,FALSE,TRUE,FALSE
US000,5,71132,17,0,69751,FALSE,FALSE,FALSE
US000,5,711320,18,0,69751,FALSE,TRUE,FALSE
US000,5,7114,16,0,122932,FALSE,FALSE,FALSE
US000,5,71141,17,0,122932,FALSE,FALSE,FALSE
US000,5,711410,18,0,122932,FALSE,TRUE,FALSE
US000,5,7115,16,0,180979,FALSE,FALSE,FALSE
US000,5,71151,17,0,180979,FALSE,FALSE,FALSE
US000,5,711510,18,0,180979,FALSE,TRUE,FALSE
US000,5,712,15,0,42897,FALSE,FALSE,FALSE
US000,5,7121,16,0,42897,FALSE,FALSE,FALSE
US000,5,71211,17,0,46556,FALSE,FALSE,FALSE
US000,5,712110,18,0,46556,FALSE,TRUE,FALSE
US000,5,71212,17,0,37612,FALSE,FALSE,FALSE
US000,5,712120,18,0,37612,FALSE,TRUE,FALSE
US000,5,71213,17,0,38898,FALSE,FALSE,FALSE
US000,5,712130,18,0,38898,FALSE,TRUE,FALSE
US000,5,71219,17,0,36504,FALSE,FALSE,FALSE
US000,5,712190,18,0,36504,FALSE,TRUE,FALSE
US000,5,713,15,0,27299,FALSE,FALSE,FALSE
US000,5,7131,16,0,32442,FALSE,FALSE,FALSE
US000,5,71311,17,0,34221,FALSE,FALSE,FALSE
US000,5,713110,18,0,34221,FALSE,TRUE,FALSE
US000,5,71312,17,0,21442,FALSE,FALSE,FALSE
US000,5,713120,18,0,21442,FALSE,TRUE,FALSE
US000,5,7132,16,0,41931,FALSE,FALSE,FALSE
US000,5,71321,17,0,43612,FALSE,FALSE,FALSE
US000,5,713210,18,0,43612,FALSE,TRUE,FALSE
US000,5,71329,17,0,39516,FALSE,FALSE,FALSE
US000,5,713290,18,0,39516,FALSE,TRUE,FALSE
US000,5,7139,16,0,25411,FALSE,FALSE,FALSE
US000,5,71391,17,0,31136,FALSE,FALSE,FALSE
US000,5,713910,18,0,31136,FALSE,TRUE,FALSE
US000,5,71392,17,0,27263,FALSE,FALSE,FALSE
US000,5,713920,18,0,27263,FALSE,TRUE,FALSE
US000,5,71393,17,0,40930,FALSE,FALSE,FALSE
US000,5,713930,18,0,40930,FALSE,TRUE,FALSE
US000,5,71394,17,0,20331,FALSE,FALSE,FALSE
US000,5,713940,18,0,20331,FALSE,TRUE,FALSE
US000,5,71395,17,0,23118,FALSE,FALSE,FALSE
US000,5,713950,18,0,23118,FALSE,TRUE,FALSE
US000,5,71399,17,0,25278,FALSE,FALSE,FALSE
US000,5,713990,18,0,25278,FALSE,TRUE,FALSE
US000,5,72,14,0,25659,TRUE,FALSE,FALSE
US000,5,721,15,0,38791,FALSE,FALSE,FALSE
US000,5,7211,16,0,39272,FALSE,FALSE,FALSE
US000,5,72111,17,0,34677,FALSE,FALSE,FALSE
US000,5,721110,18,0,34677,FALSE,TRUE,FALSE
US000,5,72112,17,0,43648,FALSE,FALSE,FALSE
US000,5,721120,18,0,43648,FALSE,TRUE,FALSE
US000,5,72119,17,0,188211,FALSE,FALSE,FALSE
US000,5,721191,18,0,26900,FALSE,TRUE,FALSE
US000,5,721199,18,0,311470,FALSE,TRUE,FALSE
US000,5,7212,16,0,29347,FALSE,FALSE,FALSE
US000,5,72121,17,0,29347,FALSE,FALSE,FALSE
US000,5,721211,18,0,27062,FALSE,TRUE,FALSE
US000,5,721214,18,0,31881,FALSE,TRUE,FALSE
US000,5,7213,16,0,33314,FALSE,FALSE,FALSE
US000,5,72131,17,0,33314,FALSE,FALSE,FALSE
US000,5,721310,18,0,33314,FALSE,TRUE,FALSE
US000,5,722,15,0,23815,FALSE,FALSE,FALSE
US000,5,7223,16,0,32896,FALSE,FALSE,FALSE
US000,5,72231,17,0,34368,FALSE,FALSE,FALSE
US000,5,722310,18,0,34368,FALSE,TRUE,FALSE
US000,5,72232,17,0,30274,FALSE,FALSE,FALSE
US000,5,722320,18,0,30274,FALSE,TRUE,FALSE
US000,5,72233,17,0,24833,FALSE,FALSE,FALSE
US000,5,722330,18,0,24833,FALSE,TRUE,FALSE
US000,5,7224,16,0,23449,FALSE,FALSE,FALSE
US000,5,72241,17,0,23449,FALSE,FALSE,FALSE
US000,5,722410,18,0,23449,FALSE,TRUE,FALSE
US000,5,7225,16,0,23337,FALSE,FALSE,FALSE
US000,5,72251,17,0,23337,FALSE,FALSE,FALSE
US000,5,722511,18,0,26779,FALSE,TRUE,FALSE
US000,5,722513,18,0,20248,FALSE,TRUE,FALSE
US000,5,722514,18,0,22943,FALSE,TRUE,FALSE
US000,5,722515,18,0,20178,FALSE,TRUE,FALSE
US000,5,81,14,0,46122,TRUE,FALSE,FALSE
US000,5,811,15,0,51750,FALSE,FALSE,FALSE
US000,5,8111,16,0,45964,FALSE,FALSE,FALSE
US000,5,81111,17,0,48930,FALSE,FALSE,FALSE
US000,5,811111,18,0,49052,FALSE,TRUE,FALSE
US000,5,811112,18,0,44596,FALSE,TRUE,FALSE
US000,5,811113,18,0,47748,FALSE,TRUE,FALSE
US000,5,811118,18,0,49212,FALSE,TRUE,FALSE
US000,5,81112,17,0,54968,FALSE,FALSE,FALSE
US000,5,811121,18,0,55835,FALSE,TRUE,FALSE
US000,5,811122,18,0,49122,FALSE,TRUE,FALSE
US000,5,81119,17,0,31924,FALSE,FALSE,FALSE
US000,5,811191,18,0,35676,FALSE,TRUE,FALSE
US000,5,811192,18,0,28457,FALSE,TRUE,FALSE
US000,5,811198,18,0,44915,FALSE,TRUE,FALSE
US000,5,8112,16,0,68764,FALSE,FALSE,FALSE
US000,5,81121,17,0,68764,FALSE,FALSE,FALSE
US000,5,811211,18,0,49811,FALSE,TRUE,FALSE
US000,5,811212,18,0,65962,FALSE,TRUE,FALSE
US000,5,811213,18,0,61251,FALSE,TRUE,FALSE
US000,5,811219,18,0,81676,FALSE,TRUE,FALSE
US000,5,8113,16,0,71939,FALSE,FALSE,FALSE
US000,5,81131,17,0,71939,FALSE,FALSE,FALSE
US000,5,811310,18,0,71939,FALSE,TRUE,FALSE
US000,5,8114,16,0,43494,FALSE,FALSE,FALSE
US000,5,81141,17,0,46701,FALSE,FALSE,FALSE
US000,5,811411,18,0,38936,FALSE,TRUE,FALSE
US000,5,811412,18,0,48631,FALSE,TRUE,FALSE
US000,5,81142,17,0,41080,FALSE,FALSE,FALSE
US000,5,811420,18,0,41080,FALSE,TRUE,FALSE
US000,5,81143,17,0,33073,FALSE,FALSE,FALSE
US000,5,811430,18,0,33073,FALSE,TRUE,FALSE
US000,5,81149,17,0,42347,FALSE,FALSE,FALSE
US000,5,811490,18,0,42347,FALSE,TRUE,FALSE
US000,5,812,15,0,33715,FALSE,FALSE,FALSE
US000,5,8121,16,0,29595,FALSE,FALSE,FALSE
US000,5,81211,17,0,29292,FALSE,FALSE,FALSE
US000,5,812111,18,0,32420,FALSE,TRUE,FALSE
US000,5,812112,18,0,30989,FALSE,TRUE,FALSE
US000,5,812113,18,0,23962,FALSE,TRUE,FALSE
US000,5,81219,17,0,30583,FALSE,FALSE,FALSE
US000,5,812191,18,0,36364,FALSE,TRUE,FALSE
US000,5,812199,18,0,29985,FALSE,TRUE,FALSE
US000,5,8122,16,0,46867,FALSE,FALSE,FALSE
US000,5,81221,17,0,45522,FALSE,FALSE,FALSE
US000,5,812210,18,0,45522,FALSE,TRUE,FALSE
US000,5,81222,17,0,51640,FALSE,FALSE,FALSE
US000,5,812220,18,0,51640,FALSE,TRUE,FALSE
US000,5,8123,16,0,37637,FALSE,FALSE,FALSE
US000,5,81231,17,0,24427,FALSE,FALSE,FALSE
US000,5,812310,18,0,24427,FALSE,TRUE,FALSE
US000,5,81232,17,0,26022,FALSE,FALSE,FALSE
US000,5,812320,18,0,26022,FALSE,TRUE,FALSE
US000,5,81233,17,0,50700,FALSE,FALSE,FALSE
US000,5,812331,18,0,44786,FALSE,TRUE,FALSE
US000,5,812332,18,0,56228,FALSE,TRUE,FALSE
US000,5,8129,16,0,33885,FALSE,FALSE,FALSE
US000,5,81291,17,0,26795,FALSE,FALSE,FALSE
US000,5,812910,18,0,26795,FALSE,TRUE,FALSE
US000,5,81292,17,0,58158,FALSE,FALSE,FALSE
US000,5,812921,18,0,59918,FALSE,TRUE,FALSE
US000,5,812922,18,0,34252,FALSE,TRUE,FALSE
US000,5,81293,17,0,32254,FALSE,FALSE,FALSE
US000,5,812930,18,0,32254,FALSE,TRUE,FALSE
US000,5,81299,17,0,47795,FALSE,FALSE,FALSE
US000,5,812990,18,0,47795,FALSE,TRUE,FALSE
US000,5,813,15,0,55522,FALSE,FALSE,FALSE
US000,5,8131,16,0,34738,FALSE,FALSE,FALSE
US000,5,81311,17,0,34738,FALSE,FALSE,FALSE
US000,5,813110,18,0,34738,FALSE,TRUE,FALSE
US000,5,8132,16,0,81645,FALSE,FALSE,FALSE
US000,5,81321,17,0,81645,FALSE,FALSE,FALSE
US000,5,813211,18,0,92110,FALSE,TRUE,FALSE
US000,5,813212,18,0,80652,FALSE,TRUE,FALSE
US000,5,813219,18,0,64180,FALSE,TRUE,FALSE
US000,5,8133,16,0,58733,FALSE,FALSE,FALSE
US000,5,81331,17,0,58733,FALSE,FALSE,FALSE
US000,5,813311,18,0,60085,FALSE,TRUE,FALSE
US000,5,813312,18,0,55701,FALSE,TRUE,FALSE
US000,5,813319,18,0,60089,FALSE,TRUE,FALSE
US000,5,8134,16,0,27218,FALSE,FALSE,FALSE
US000,5,81341,17,0,27218,FALSE,FALSE,FALSE
US000,5,813410,18,0,27218,FALSE,TRUE,FALSE
US000,5,8139,16,0,73278,FALSE,FALSE,FALSE
US000,5,81391,17,0,94181,FALSE,FALSE,FALSE
US000,5,813910,18,0,94181,FALSE,TRUE,FALSE
US000,5,81392,17,0,98178,FALSE,FALSE,FALSE
US000,5,813920,18,0,98178,FALSE,TRUE,FALSE
US000,5,81393,17,0,52672,FALSE,FALSE,FALSE
US000,5,813930,18,0,52672,FALSE,TRUE,FALSE
US000,5,81394,17,0,70438,FALSE,FALSE,FALSE
US000,5,813940,18,0,70438,FALSE,TRUE,FALSE
US000,5,81399,17,0,50138,FALSE,FALSE,FALSE
US000,5,813990,18,0,50138,FALSE,TRUE,FALSE
US000,5,814,15,0,35372,FALSE,FALSE,FALSE
US000,5,8141,16,0,35372,FALSE,FALSE,FALSE
US000,5,81411,17,0,35372,FALSE,FALSE,FALSE
US000,5,814110,18,0,35372,FALSE,TRUE,FALSE
US000,5,99,14,0,73159,TRUE,FALSE,FALSE
US000,5,999,15,0,73159,FALSE,FALSE,FALSE
US000,5,9999,16,0,73159,FALSE,FALSE,FALSE
US000,5,99999,17,0,73159,FALSE,FALSE,FALSE
US000,5,999999,18,0,73159,FALSE,TRUE,FALSE
